Cruise,Station,Longitude_E,Latitude_N,Bottle,Depth,NO3_NO2,QF_NO3_NO2,NO3_NO2_stdDev,QF_NO3_NO2_stdDev,NO3_NO2_CF,QF_NO3_NO2_CF,NO3_NO2_C,QF_NO3_NO2_C,NO3_NO2_C_stdDev,QF_NO3_NO2_C_stdDev,PO4,QF_PO4,PO4_stdDev,QF_PO4_stdDev,PO4_CF,QF_PO4_CF,PO4_C,QF_PO4_C,PO4_C_stdDev,QF_PO4_C_stdDev,NO2,QF_NO2,NO2_stdDev,QF_NO2_stdDev,NO2_CF,QF_NO2_CF,NO2_C,QF_NO2_C,NO2_C_stdDev,QF_NO2_C_stdDev,Si_OH4,QF_Si_OH4, Si_OH4_stdDev,QF_Si_OH4_stdDev,Si_OH4_CF,QF_Si_OH4_CF,Si_OH4_C,QF_Si_OH4_C,Si_OH4_C_stdDev,QF_Si_OH4_C_stdDev,NH4,QF_NH4,NH4_stdDev,QF_NH4_stdDev,NH4_CF,QF_NH4_CF,NH4_C,QF_NH4_C,NH4_C_stdDev,QF_NH4_C_stdDev
PS114,004_01,4.3335,79.0236,21,10,-0.04,0,0,0,1,0,-0.04,0,0,0,0.179,0,0.003,0,0.9087,0,0.163,0,0.003,0,0.009,0,0.001,0,0.7291,0,0.007,0,0.001,0,1.655,0,0.007,0,1.0443,0,1.728,0,0.007,0,0.116,1,0.003,1,1.0213,1,0.118,1,0.003,
PS114,004_01,4.3335,79.0236,14,35,0.11,0,0,0,1,0,0.11,0,0,0,0.221,0,0.003,0,0.9087,0,0.201,0,0.003,0,0.022,0,0,0,0.7291,0,0.016,0,0,0,2.04,0,0,0,1.0443,0,2.13,0,0,0,0.16,1,0.008,1,1.0213,1,0.163,1,0.009,
PS114,004_01,4.3335,79.0236,8,75,9.47,0,0.042,0,1,0,9.47,0,0.042,0,0.72,0,0.002,0,0.9087,0,0.654,0,0.002,0,0.133,0,0,0,0.7291,0,0.097,0,0,0,4.215,0,0.021,0,1.0443,0,4.402,0,0.022,0,0.974,1,0.006,1,1.0213,1,0.995,1,0.006,
PS114,004_01,4.3335,79.0236,5,100,10.365,0,0.021,0,1,0,10.365,0,0.021,0,0.775,0,0.009,0,0.9087,0,0.704,0,0.008,0,0.148,0,0.001,0,0.7291,0,0.108,0,0.001,0,4.26,0,0.028,0,1.0443,0,4.449,0,0.03,0,0.715,1,0.006,1,1.0213,1,0.73,1,0.006,
PS114,004_01,4.3335,79.0236,3,250,12.51,0,0.014,0,1,0,12.51,0,0.014,0,0.858,0,0.01,0,0.9087,0,0.78,0,0.009,0,0.164,0,0.001,0,0.7291,0,0.12,0,0.001,0,4.585,0,0.035,0,1.0443,0,4.788,0,0.037,0,0.163,1,0.002,1,1.0213,1,0.166,1,0.002,
PS114,004_01,4.3335,79.0236,2,500,13.31,0,0.269,0,1,0,13.31,0,0.269,0,0.923,0,0.006,0,0.9087,0,0.838,0,0.006,0,0.016,0,0.001,0,0.7291,0,0.011,0,0.001,0,6.02,0,0.014,0,1.0443,0,6.287,0,0.015,0,0.143,1,0.001,1,1.0213,1,0.146,1,0.001,
PS114,004_01,4.3335,79.0236,1,700,13.745,0,0.035,0,1,0,13.745,0,0.035,0,0.96,0,0.008,0,0.9087,0,0.872,0,0.008,0,0.007,0,0.001,0,0.7291,0,0.005,0,0.001,0,6.52,0,0.028,0,1.0443,0,6.809,0,0.03,0,0.123,1,0.001,1,1.0213,1,0.126,1,0.001,
PS114,004_06,4.3313,79.0234,23,250,12.105,0,0.007,0,1,0,12.105,0,0.007,0,0.809,0,0.001,0,0.9087,0,0.735,0,0.001,0,0.026,0,0.004,0,0.7291,0,0.019,0,0.003,0,4.565,0,0.007,0,1.0443,0,4.767,0,0.007,0,0.117,1,0.001,1,1.0213,1,0.119,1,0.001,
PS114,004_06,4.3313,79.0234,21,500,13.235,0,0.007,0,1,0,13.235,0,0.007,0,0.898,0,0.011,0,0.9087,0,0.816,0,0.01,0,0.01,0,0.001,0,0.7291,0,0.007,0,0.001,0,5.715,0,0.007,0,1.0443,0,5.968,0,0.007,0,0.093,1,0.001,1,1.0213,1,0.094,1,0.001,
PS114,004_06,4.3313,79.0234,17,750,13.925,0,0.078,0,1,0,13.925,0,0.078,0,0.942,0,0.002,0,0.9087,0,0.856,0,0.002,0,0.002,0,0.002,0,0.7291,0,0.001,0,0.002,0,6.69,0,0,0,1.0443,0,6.986,0,0,0,0.097,1,0.001,1,1.0213,1,0.099,1,0.001,
PS114,004_06,4.3313,79.0234,14,997,13.81,0,0.099,0,1,0,13.81,0,0.099,0,0.929,0,0.003,0,0.9087,0,0.844,0,0.003,0,-0.001,0,0,0,0.7291,0,-0.001,0,0,0,6.69,0,0.028,0,1.0443,0,6.986,0,0.03,0,0.092,1,0,1,1.0213,1,0.094,1,0,
PS114,004_06,4.3313,79.0234,10,1200,14.245,0,0.021,0,1,0,14.245,0,0.021,0,0.989,0,0.002,0,0.9087,0,0.898,0,0.002,0,0,0,0,0,0.7291,0,0,0,0,0,7.775,0,0.007,0,1.0443,0,8.12,0,0.007,0,0.102,1,0.003,1,1.0213,1,0.104,1,0.003,
PS114,004_06,4.3313,79.0234,7,1999,15.35,0,0.099,0,1,0,15.35,0,0.099,0,1.032,0,0.002,0,0.9087,0,0.937,0,0.002,0,-0.003,0,0,0,0.7291,0,-0.003,0,0,0,11.485,0,0.078,0,1.0443,0,11.994,0,0.081,0,0.094,1,0.001,1,1.0213,1,0.095,1,0.001,
PS114,004_06,4.3313,79.0234,1,2507,15.295,0,0.007,0,1,0,15.295,0,0.007,0,1.049,0,0.003,0,0.9087,0,0.953,0,0.003,0,0,0,0.003,0,0.7291,0,0,0,0.002,0,11.52,0,0.071,0,1.0443,0,12.031,0,0.074,0,0.113,1,0.002,1,1.0213,1,0.115,1,0.002,
PS114,009_01,5.0413,78.6067,22,10,0.06,0,0,0,1,0,0.06,0,0,0,0.17,0,0.001,0,0.9087,0,0.154,0,0.001,0,0.009,0,0,0,0.7291,0,0.007,0,0,0,1.98,0,0.014,0,1.0554,0,2.09,0,0.015,0,0.34,1,0.003,1,0.9748,1,0.331,1,0.003,
PS114,009_01,5.0413,78.6067,15,30,0.34,0,0,0,1,0,0.34,0,0,0,0.286,0,0.005,0,0.9087,0,0.259,0,0.004,0,0.024,0,0,0,0.7291,0,0.017,0,0,0,2.585,0,0.007,0,1.0554,0,2.728,0,0.007,0,1.069,1,0.008,1,0.9748,1,1.042,1,0.008,
PS114,009_01,5.0413,78.6067,8,75,7.195,0,0.007,0,1,0,7.195,0,0.007,0,0.644,0,0.001,0,0.9087,0,0.585,0,0.001,0,0.227,0,0,0,0.7291,0,0.166,0,0,0,3.695,0,0.007,0,1.0554,0,3.9,0,0.007,0,1.839,1,0.009,1,0.9748,1,1.792,1,0.009,
PS114,009_01,5.0413,78.6067,5,100,10.78,0,0,0,1,0,10.78,0,0,0,0.819,0,0.003,0,0.9087,0,0.744,0,0.003,0,0.256,0,0,0,0.7291,0,0.187,0,0,0,4.14,0,0.014,0,1.0554,0,4.369,0,0.015,0,1.349,1,0.001,1,0.9748,1,1.315,1,0.001,
PS114,009_01,5.0413,78.6067,3,250,12.58,0,0,0,1,0,12.58,0,0,0,0.909,0,0.002,0,0.9087,0,0.826,0,0.002,0,0.058,0,0,0,0.7291,0,0.042,0,0,0,4.92,0,0.014,0,1.0554,0,5.193,0,0.015,0,0.394,1,0.01,1,0.9748,1,0.384,1,0.01,
PS114,009_01,5.0413,78.6067,2,500,12.77,0,0,0,1,0,12.77,0,0,0,0.944,0,0.003,0,0.9087,0,0.858,0,0.003,0,0.018,0,0,0,0.7291,0,0.013,0,0,0,5.71,0,0,0,1.0554,0,6.026,0,0,0,0.409,1,0.001,1,0.9748,1,0.398,1,0.001,
PS114,009_01,5.0413,78.6067,1,700,13.435,0,0.035,0,1,0,13.435,0,0.035,0,1,0,0.002,0,0.9087,0,0.908,0,0.002,0,0.009,0,0.001,0,0.7291,0,0.006,0,0.001,0,6.69,0,0.014,0,1.0554,0,7.061,0,0.015,0,0.361,1,0.001,1,0.9748,1,0.351,1,0.001,
PS114,009_04,5.047,78.6073,22,250,12.54,0,0.014,0,1,0,12.54,0,0.014,0,0.912,0,0.004,0,0.9087,0,0.829,0,0.004,0,0.065,0,0.001,0,0.7291,0,0.047,0,0.001,0,4.88,0,0.014,0,1.0554,0,5.15,0,0.015,0,0.417,1,0.003,1,0.9748,1,0.407,1,0.003,
PS114,009_04,5.047,78.6073,18,500,12.755,0,0.064,0,1,0,12.755,0,0.064,0,0.945,0,0.003,0,0.9087,0,0.859,0,0.003,0,0.014,0,0,0,0.7291,0,0.01,0,0,0,5.8,0,0.014,0,1.0554,0,6.121,0,0.015,0,0.362,1,0.001,1,0.9748,1,0.352,1,0.001,
PS114,009_04,5.047,78.6073,15,749,13.485,0,0.021,0,1,0,13.485,0,0.021,0,0.994,0,0,0,0.9087,0,0.903,0,0,0,0.01,0,0,0,0.7291,0,0.007,0,0,0,6.9,0,0,0,1.0554,0,7.282,0,0,0,0.364,1,0.001,1,0.9748,1,0.355,1,0.001,
PS114,009_04,5.047,78.6073,10,999,13.76,0,0.028,0,1,0,13.76,0,0.028,0,1.022,0,0,0,0.9087,0,0.929,0,0,0,0.007,0,0.001,0,0.7291,0,0.005,0,0.001,0,7.98,0,0.014,0,1.0554,0,8.422,0,0.015,0,0.36,1,0.001,1,0.9748,1,0.35,1,0.001,
PS114,009_04,5.047,78.6073,7,1200,14.035,0,0.049,0,1,0,14.035,0,0.049,0,1.041,0,0.003,0,0.9087,0,0.946,0,0.003,0,0.007,0,0.001,0,0.7291,0,0.005,0,0.001,0,8.92,0,0.014,0,1.0554,0,9.414,0,0.015,0,0.38,1,0.001,1,0.9748,1,0.37,1,0.001,
PS114,009_04,5.047,78.6073,4,2000,14.975,0,0.021,0,1,0,14.975,0,0.021,0,1.103,0,0,0,0.9087,0,1.002,0,0,0,0.007,0,0.001,0,0.7291,0,0.005,0,0.001,0,11.745,0,0.021,0,1.0554,0,12.396,0,0.022,0,0.361,1,0,1,0.9748,1,0.352,1,0,
PS114,009_04,5.047,78.6073,1,2286,14.985,0,0.007,0,1,0,14.985,0,0.007,0,1.108,0,0.004,0,0.9087,0,1.007,0,0.004,0,0.007,0,0.001,0,0.7291,0,0.005,0,0.001,0,11.985,0,0.134,0,1.0554,0,12.649,0,0.142,0,0.369,1,0.001,1,0.9748,1,0.359,1,0.001,
PS114,012_01,7.0346,79.0117,21,10,0.075,0,0.007,0,1,0,0.075,0,0.007,0,0.192,0,0.004,0,0.9087,0,0.174,0,0.003,0,0.013,0,0,0,0.7291,0,0.009,0,0,0,1.325,0,0.007,0,1.0554,0,1.398,0,0.007,0,0.348,1,0.001,1,0.9748,1,0.339,1,0.001,
PS114,012_01,7.0346,79.0117,14,23,1.525,0,0.007,0,1,0,1.525,0,0.007,0,0.325,0,0.003,0,0.9087,0,0.295,0,0.003,0,0.057,0,0.001,0,0.7291,0,0.041,0,0.001,0,2.065,0,0.007,0,1.0554,0,2.179,0,0.007,0,0.974,1,0.002,1,0.9748,1,0.949,1,0.002,
PS114,012_01,7.0346,79.0117,8,75,7.74,0,0.042,0,1,0,7.74,0,0.042,0,0.7,0,0.005,0,0.9087,0,0.636,0,0.004,0,0.143,0,0.001,0,0.7291,0,0.104,0,0.001,0,3.9,0,0,0,1.0554,0,4.116,0,0,0,1.967,1,0.013,1,0.9748,1,1.917,1,0.012,
PS114,012_01,7.0346,79.0117,5,100,10.035,0,0.035,0,1,0,10.035,0,0.035,0,0.785,0,0.001,0,0.9087,0,0.713,0,0.001,0,0.161,0,0.001,0,0.7291,0,0.117,0,0.001,0,4.22,0,0,0,1.0554,0,4.454,0,0,0,1.18,1,0.006,1,0.9748,1,1.15,1,0.006,
PS114,012_01,7.0346,79.0117,3,250,12.03,0,0.028,0,1,0,12.03,0,0.028,0,0.874,0,0.001,0,0.9087,0,0.794,0,0.001,0,0.016,0,0.001,0,0.7291,0,0.011,0,0.001,0,4.675,0,0.007,0,1.0554,0,4.934,0,0.007,0,0.349,1,0.008,1,0.9748,1,0.34,1,0.008,
PS114,012_01,7.0346,79.0117,2,500,12.545,0,0.148,0,1,0,12.545,0,0.148,0,0.911,0,0.001,0,0.9087,0,0.827,0,0.001,0,0.03,0,0.001,0,0.7291,0,0.022,0,0.001,0,5.195,0,0.007,0,1.0554,0,5.483,0,0.007,0,0.349,1,0.001,1,0.9748,1,0.34,1,0.001,
PS114,012_01,7.0346,79.0117,1,699,14.295,0,0.078,0,1,0,14.295,0,0.078,0,1.043,0,0.003,0,0.9087,0,0.948,0,0.003,0,0.007,0,0.001,0,0.7291,0,0.005,0,0.001,0,8,0,0.028,0,1.0554,0,8.443,0,0.03,0,0.347,1,0.001,1,0.9748,1,0.338,1,0.001,
PS114,012_04,7.0331,79.0116,23,150,11.945,0,0.035,0,1,0,11.945,0,0.035,0,0.844,0,0.008,0,0.9087,0,0.766,0,0.007,0,0.101,0,0.001,0,0.7291,0,0.074,0,0.001,0,4.5,0,0,0,1.0554,0,4.749,0,0,0,0.344,1,0,1,0.9748,1,0.335,1,0,
PS114,012_04,7.0331,79.0116,20,250,12.28,0,0.042,0,1,0,12.28,0,0.042,0,0.874,0,0.001,0,0.9087,0,0.794,0,0.001,0,0.017,0,0.001,0,0.7291,0,0.012,0,0.001,0,4.66,0,0.014,0,1.0554,0,4.918,0,0.015,0,0.368,1,0,1,0.9748,1,0.359,1,0,
PS114,012_04,7.0331,79.0116,19,300,12.135,0,0.021,0,1,0,12.135,0,0.021,0,0.868,0,0.001,0,0.9087,0,0.788,0,0.001,0,0.014,0,0.001,0,0.7291,0,0.01,0,0.001,0,4.66,0,0,0,1.0554,0,4.918,0,0,0,0.355,1,0,1,0.9748,1,0.346,1,0,
PS114,012_04,7.0331,79.0116,18,400,12.68,0,0.028,0,1,0,12.68,0,0.028,0,0.91,0,0.001,0,0.9087,0,0.827,0,0.001,0,0.018,0,0,0,0.7291,0,0.013,0,0,0,5.21,0,0.014,0,1.0554,0,5.499,0,0.015,0,0.454,1,0.001,1,0.9748,1,0.443,1,0.001,
PS114,012_04,7.0331,79.0116,15,500,12.83,0,0,0,1,0,12.83,0,0,0,0.915,0,0.002,0,0.9087,0,0.831,0,0.002,0,0.014,0,0,0,0.7291,0,0.01,0,0,0,5.29,0,0.028,0,1.0554,0,5.583,0,0.03,0,0.34,1,0.001,1,0.9748,1,0.331,1,0.001,
PS114,012_04,7.0331,79.0116,12,750,14.5,0,0.057,0,1,0,14.5,0,0.057,0,1.049,0,0.004,0,0.9087,0,0.953,0,0.003,0,0.003,0,0,0,0.7291,0,0.002,0,0,0,8.605,0,0.021,0,1.0554,0,9.082,0,0.022,0,0.334,1,0,1,0.9748,1,0.326,1,0,
PS114,012_04,7.0331,79.0116,11,800,14.595,0,0.12,0,1,0,14.595,0,0.12,0,1.063,0,0.002,0,0.9087,0,0.965,0,0.002,0,0.005,0,0.001,0,0.7291,0,0.003,0,0.001,0,9.135,0,0.12,0,1.0554,0,9.641,0,0.127,0,0.355,1,0.001,1,0.9748,1,0.346,1,0.001,
PS114,012_04,7.0331,79.0116,7,1000,15.08,0,0.014,0,1,0,15.08,0,0.014,0,1.107,0,0.007,0,0.9087,0,1.006,0,0.006,0,0.004,0,0.001,0,0.7291,0,0.003,0,0.001,0,11.13,0,0.014,0,1.0554,0,11.747,0,0.015,0,0.359,1,0.001,1,0.9748,1,0.349,1,0.001,
PS114,012_04,7.0331,79.0116,2,1200,15.285,0,0.021,0,1,0,15.285,0,0.021,0,1.12,0,0,0,0.9087,0,1.018,0,0,0,0.005,0,0.001,0,0.7291,0,0.003,0,0.001,0,12.265,0,0.021,0,1.0554,0,12.944,0,0.022,0,0.348,1,0.001,1,0.9748,1,0.339,1,0.001,
PS114,013_02,8.0075,79.0192,22,10,1.12,0,0,0,1,0,1.12,0,0,0,0.273,0,0.019,0,0.9087,0,0.248,0,0.017,0,0.049,0,0.001,0,0.7291,0,0.036,0,0.001,0,0.9,0,0,0,1.0554,0,0.95,0,0,0,0.439,1,0.004,1,0.9748,1,0.428,1,0.004,
PS114,013_02,8.0075,79.0192,15,15,3.22,0,0,0,1,0,3.22,0,0,0,0.391,0,0.011,0,0.9087,0,0.355,0,0.01,0,0.083,0,0.001,0,0.7291,0,0.06,0,0.001,0,1.705,0,0.007,0,1.0554,0,1.799,0,0.007,0,0.64,1,0.001,1,0.9748,1,0.624,1,0.001,
PS114,013_02,8.0075,79.0192,8,75,12.01,0,0.014,0,1,0,12.01,0,0.014,0,0.869,0,0.001,0,0.9087,0,0.789,0,0.001,0,0.046,0,0.001,0,0.7291,0,0.033,0,0.001,0,4.58,0,0.014,0,1.0554,0,4.834,0,0.015,0,0.355,1,0.002,1,0.9748,1,0.346,1,0.002,
PS114,013_02,8.0075,79.0192,5,100,12.325,0,0.035,0,1,0,12.325,0,0.035,0,0.891,0,0.002,0,0.9087,0,0.809,0,0.002,0,0.033,0,0.001,0,0.7291,0,0.024,0,0.001,0,4.73,0,0.028,0,1.0554,0,4.992,0,0.03,0,0.377,1,0,1,0.9748,1,0.368,1,0,
PS114,013_02,8.0075,79.0192,3,250,12.255,0,0.078,0,1,0,12.255,0,0.078,0,0.907,0,0.02,0,0.9087,0,0.824,0,0.018,0,0.034,0,0.001,0,0.7291,0,0.024,0,0.001,0,4.625,0,0.007,0,1.0554,0,4.881,0,0.007,0,0.367,1,0.001,1,0.9748,1,0.357,1,0.001,
PS114,013_02,8.0075,79.0192,2,500,12.1,0,0.057,0,1,0,12.1,0,0.057,0,0.895,0,0.005,0,0.9087,0,0.813,0,0.004,0,0.073,0,0,0,0.7291,0,0.053,0,0,0,4.71,0,0,0,1.0554,0,4.971,0,0,0,0.384,1,0.001,1,0.9748,1,0.374,1,0.001,
PS114,013_02,8.0075,79.0192,1,700,12.93,0,0.014,0,1,0,12.93,0,0.014,0,0.954,0,0.001,0,0.9087,0,0.866,0,0.001,0,0.013,0,0,0,0.7291,0,0.009,0,0,0,5.465,0,0.007,0,1.0554,0,5.768,0,0.007,0,0.371,1,0.001,1,0.9748,1,0.361,1,0.001,
PS114,014_01,8.3266,79.018,21,12,1.285,0,0.007,0,1,0,1.285,0,0.007,0,0.255,0,0.001,0,0.9087,0,0.231,0,0.001,0,0.06,0,0,0,0.7291,0,0.044,0,0,0,0.525,0,0.007,0,1.0554,0,0.554,0,0.007,0,0.644,1,0.001,1,0.9748,1,0.627,1,0.001,
PS114,014_01,8.3266,79.018,17,50,8.385,0,0.007,0,1,0,8.385,0,0.007,0,0.695,0,0.002,0,0.9087,0,0.631,0,0.002,0,0.137,0,0.001,0,0.7291,0,0.1,0,0.001,0,3.68,0,0.014,0,1.0554,0,3.884,0,0.015,0,1.358,1,0.006,1,0.9748,1,1.324,1,0.006,
PS114,014_01,8.3266,79.018,15,75,12.185,0,0.106,0,1,0,12.185,0,0.106,0,0.856,0,0.003,0,0.9087,0,0.778,0,0.003,0,0.034,0,0.001,0,0.7291,0,0.024,0,0.001,0,4.735,0,0.021,0,1.0554,0,4.997,0,0.022,0,0.464,1,0.011,1,0.9748,1,0.452,1,0.01,
PS114,014_01,8.3266,79.018,13,100,12.22,0,0.113,0,1,0,12.22,0,0.113,0,0.854,0,0,0,0.9087,0,0.776,0,0,0,0.031,0,0,0,0.7291,0,0.023,0,0,0,4.71,0,0.014,0,1.0554,0,4.971,0,0.015,0,0.428,1,0.004,1,0.9748,1,0.417,1,0.003,
PS114,014_01,8.3266,79.018,1,250,12.215,0,0.064,0,1,0,12.215,0,0.064,0,0.86,0,0.004,0,0.9087,0,0.781,0,0.004,0,0.028,0,0.001,0,0.7291,0,0.02,0,0.001,0,4.71,0,0.014,0,1.0554,0,4.971,0,0.015,0,0.415,1,0.001,1,0.9748,1,0.404,1,0.001,
PS114,014_01,8.3266,79.018,9,300,12.195,0,0.078,0,1,0,12.195,0,0.078,0,0.856,0,0.004,0,0.9087,0,0.777,0,0.003,0,0.036,0,0,0,0.7291,0,0.026,0,0,0,4.765,0,0.007,0,1.0554,0,5.029,0,0.007,0,0.378,1,0.001,1,0.9748,1,0.368,1,0.001,
PS114,014_01,8.3266,79.018,7,400,12.28,0,0.057,0,1,0,12.28,0,0.057,0,0.863,0,0.001,0,0.9087,0,0.784,0,0.001,0,0.022,0,0,0,0.7291,0,0.016,0,0,0,4.83,0,0.014,0,1.0554,0,5.098,0,0.015,0,0.372,1,0.001,1,0.9748,1,0.362,1,0.001,
PS114,014_01,8.3266,79.018,5,500,12.23,0,0.057,0,1,0,12.23,0,0.057,0,0.863,0,0.001,0,0.9087,0,0.784,0,0.001,0,0.037,0,0.001,0,0.7291,0,0.027,0,0.001,0,4.81,0,0.014,0,1.0554,0,5.076,0,0.015,0,0.408,1,0.001,1,0.9748,1,0.397,1,0.001,
PS114,014_01,8.3266,79.018,3,750,14.21,0,0.014,0,1,0,14.21,0,0.014,0,1.02,0,0.005,0,0.9087,0,0.926,0,0.004,0,0.015,0,0.001,0,0.7291,0,0.011,0,0.001,0,7.93,0,0.014,0,1.0554,0,8.369,0,0.015,0,0.438,1,0,1,0.9748,1,0.427,1,0,
PS114,014_01,8.3266,79.018,1,803,14.645,0,0.007,0,1,0,14.645,0,0.007,0,1.069,0,0.002,0,0.9087,0,0.971,0,0.002,0,0.017,0,0,0,0.7291,0,0.012,0,0,0,9.53,0,0,0,1.0554,0,10.058,0,0,0,0.483,1,0,1,0.9748,1,0.471,1,0,
PS114,015_01,8.5422,79.0185,24,10,1.32,0,0,0,1,0,1.32,0,0,0,0.288,0,0.005,0,0.9087,0,0.261,0,0.004,0,0.054,0,0.001,0,0.7291,0,0.039,0,0.001,0,1.16,0,0,0,1.0554,0,1.224,0,0,0,0.809,1,0.004,1,0.9748,1,0.788,1,0.003,
PS114,015_01,8.5422,79.0185,14,25,2.18,0,0.014,0,1,0,2.18,0,0.014,0,0.367,0,0,0,0.9087,0,0.333,0,0,0,0.068,0,0.001,0,0.7291,0,0.049,0,0.001,0,1.39,0,0,0,1.0554,0,1.467,0,0,0,0.911,1,0.001,1,0.9748,1,0.888,1,0.001,
PS114,015_01,8.5422,79.0185,12,50,6.375,0,0.035,0,1,0,6.375,0,0.035,0,0.629,0,0.003,0,0.9087,0,0.572,0,0.003,0,0.125,0,0.001,0,0.7291,0,0.091,0,0.001,0,3.2,0,0.014,0,1.0554,0,3.377,0,0.015,0,1.956,1,0.012,1,0.9748,1,1.906,1,0.012,
PS114,015_01,8.5422,79.0185,10,75,9.34,0,0.028,0,1,0,9.34,0,0.028,0,0.778,0,0.001,0,0.9087,0,0.706,0,0.001,0,0.133,0,0,0,0.7291,0,0.097,0,0,0,4.105,0,0.007,0,1.0554,0,4.332,0,0.007,0,1.476,1,0.004,1,0.9748,1,1.438,1,0.003,
PS114,015_01,8.5422,79.0185,8,100,9.545,0,0.035,0,1,0,9.545,0,0.035,0,0.787,0,0.001,0,0.9087,0,0.715,0,0.001,0,0.139,0,0.001,0,0.7291,0,0.101,0,0.001,0,3.985,0,0.007,0,1.0554,0,4.206,0,0.007,0,1.409,1,0.001,1,0.9748,1,1.373,1,0.001,
PS114,015_01,8.5422,79.0185,6,250,11.915,0,0.021,0,1,0,11.915,0,0.021,0,0.881,0,0.006,0,0.9087,0,0.801,0,0.005,0,0.15,0,0,0,0.7291,0,0.109,0,0,0,4.41,0,0,0,1.0554,0,4.654,0,0,0,0.509,1,0.011,1,0.9748,1,0.496,1,0.011,
PS114,015_01,8.5422,79.0185,4,300,11.785,0,0.007,0,1,0,11.785,0,0.007,0,0.874,0,0.005,0,0.9087,0,0.794,0,0.004,0,0.203,0,0.001,0,0.7291,0,0.148,0,0.001,0,4.35,0,0,0,1.0554,0,4.591,0,0,0,0.576,1,0.001,1,0.9748,1,0.561,1,0.001,
PS114,016_01,9.3006,78.9804,21,10,0.215,0,0.007,0,1,0,0.215,0,0.007,0,0.208,0,0.006,0,0.9087,0,0.189,0,0.005,0,0.02,0,0.001,0,0.7291,0,0.014,0,0.001,0,1.625,0,0.007,0,1.0554,0,1.715,0,0.007,0,0.396,1,0.001,1,0.9748,1,0.386,1,0.001,
PS114,016_01,9.3006,78.9804,12,40,3.05,0,0.014,0,1,0,3.05,0,0.014,0,0.508,0,0.002,0,0.9087,0,0.461,0,0.002,0,0.094,0,0,0,0.7291,0,0.069,0,0,0,2.785,0,0.007,0,1.0554,0,2.939,0,0.007,0,2.415,1,0.025,1,0.9748,1,2.354,1,0.025,
PS114,016_01,9.3006,78.9804,6,75,7.935,0,0.021,0,1,0,7.935,0,0.021,0,0.721,0,0.005,0,0.9087,0,0.655,0,0.004,0,0.154,0,0,0,0.7291,0,0.112,0,0,0,3.42,0,0,0,1.0554,0,3.609,0,0,0,2.275,1,0.001,1,0.9748,1,2.217,1,0.001,
PS114,016_01,9.3006,78.9804,3,100,9.985,0,0.064,0,1,0,9.985,0,0.064,0,0.791,0,0.002,0,0.9087,0,0.718,0,0.002,0,0.216,0,0.001,0,0.7291,0,0.157,0,0.001,0,3.585,0,0.021,0,1.0554,0,3.784,0,0.022,0,1.389,1,0.008,1,0.9748,1,1.354,1,0.008,
PS114,020_01,5.6483,79.0206,23,10,0.19,0,0,0,1,0,0.19,0,0,0,0.159,0,0.006,0,0.9087,0,0.144,0,0.006,0,0.019,0,0,0,0.6629,0,0.013,0,0,0,2.2,0,0.014,0,1.0386,0,2.285,0,0.015,0,0.259,1,0.001,1,0.821,1,0.212,1,0.001,
PS114,020_01,5.6483,79.0206,20,30,0.415,0,0.007,0,1,0,0.415,0,0.007,0,0.233,0,0.008,0,0.9087,0,0.211,0,0.007,0,0.029,0,0.001,0,0.6629,0,0.019,0,0.001,0,2.92,0,0.014,0,1.0386,0,3.033,0,0.015,0,1.055,1,0.012,1,0.821,1,0.866,1,0.01,
PS114,020_01,5.6483,79.0206,17,40,1.23,0,0,0,1,0,1.23,0,0,0,0.343,0,0.003,0,0.9087,0,0.312,0,0.003,0,0.05,0,0,0,0.6629,0,0.033,0,0,0,3.19,0,0,0,1.0386,0,3.313,0,0,0,2.417,1,0.011,1,0.821,1,1.984,1,0.009,
PS114,020_01,5.6483,79.0206,14,50,1.595,0,0.007,0,1,0,1.595,0,0.007,0,0.371,0,0.003,0,0.9087,0,0.337,0,0.003,0,0.057,0,0.001,0,0.6629,0,0.037,0,0,0,3.265,0,0.007,0,1.0386,0,3.391,0,0.007,0,2.701,1,0.005,1,0.821,1,2.217,1,0.004,
PS114,020_01,5.6483,79.0206,14,50,1.505,0,0.007,0,1,0,1.505,0,0.007,0,0.365,0,0.001,0,0.9087,0,0.332,0,0.001,0,0.056,0,0.001,0,0.6629,0,0.037,0,0,0,3.255,0,0.007,0,1.0386,0,3.381,0,0.007,0,2.612,1,0.001,1,0.821,1,2.144,1,0.001,
PS114,020_01,5.6483,79.0206,12,50,1.515,0,0.007,0,1,0,1.515,0,0.007,0,0.37,0,0.001,0,0.9087,0,0.336,0,0.001,0,0.058,0,0.003,0,0.6629,0,0.038,0,0.002,0,3.25,0,0.014,0,1.0386,0,3.376,0,0.015,0,2.635,1,0.002,1,0.821,1,2.163,1,0.002,
PS114,020_01,5.6483,79.0206,11,75,3.36,0,0.014,0,1,0,3.36,0,0.014,0,0.504,0,0.004,0,0.9087,0,0.458,0,0.003,0,0.109,0,0,0,0.6629,0,0.072,0,0,0,3.525,0,0.007,0,1.0386,0,3.661,0,0.007,0,3.623,1,0.017,1,0.821,1,2.975,1,0.014,
PS114,020_01,5.6483,79.0206,10,100,7.49,0,0.014,0,1,0,7.49,0,0.014,0,0.724,0,0.004,0,0.9087,0,0.657,0,0.003,0,0.237,0,0,0,0.6629,0,0.157,0,0,0,3.955,0,0.007,0,1.0386,0,4.108,0,0.007,0,3.529,1,0.004,1,0.821,1,2.897,1,0.003,
PS114,020_01,5.6483,79.0206,7,250,12.64,0,0.014,0,1,0,12.64,0,0.014,0,0.946,0,0.018,0,0.9087,0,0.859,0,0.016,0,0.036,0,0,0,0.6629,0,0.024,0,0,0,5.385,0,0.007,0,1.0386,0,5.593,0,0.007,0,0.319,1,0.003,1,0.821,1,0.262,1,0.002,
PS114,020_01,5.6483,79.0206,6,400,13.18,0,0.085,0,1,0,13.18,0,0.085,0,0.977,0,0,0,0.9087,0,0.888,0,0,0,0.018,0,0,0,0.6629,0,0.012,0,0,0,6.26,0,0,0,1.0386,0,6.502,0,0,0,0.274,1,0.006,1,0.821,1,0.225,1,0.005,
PS114,020_01,5.6483,79.0206,5,500,13.015,0,0.007,0,1,0,13.015,0,0.007,0,0.978,0,0.002,0,0.9087,0,0.888,0,0.002,0,0.016,0,0.001,0,0.6629,0,0.01,0,0,0,6.64,0,0.014,0,1.0386,0,6.896,0,0.015,0,0.262,1,0.001,1,0.821,1,0.215,1,0.001,
PS114,020_01,5.6483,79.0206,4,750,13.795,0,0.049,0,1,0,13.795,0,0.049,0,1.019,0,0.006,0,0.9087,0,0.926,0,0.005,0,0.019,0,0.004,0,0.6629,0,0.012,0,0.002,0,7.37,0,0.028,0,1.0386,0,7.655,0,0.029,0,0.26,1,0.001,1,0.821,1,0.213,1,0.001,
PS114,020_01,5.6483,79.0206,3,1000,14.035,0,0.092,0,1,0,14.035,0,0.092,0,1.038,0,0.004,0,0.9087,0,0.943,0,0.003,0,0.012,0,0,0,0.6629,0,0.008,0,0,0,8.29,0,0.014,0,1.0386,0,8.61,0,0.015,0,0.252,1,0.001,1,0.821,1,0.207,1,0.001,
PS114,020_01,5.6483,79.0206,2,1200,14.475,0,0.064,0,1,0,14.475,0,0.064,0,1.068,0,0.002,0,0.9087,0,0.97,0,0.002,0,0.012,0,0.001,0,0.6629,0,0.008,0,0.001,0,9.54,0,0.028,0,1.0386,0,9.908,0,0.029,0,0.258,1,0.001,1,0.821,1,0.212,1,0.001,
PS114,020_01,5.6483,79.0206,1,1942,15.38,0,0.099,0,1,0,15.38,0,0.099,0,1.138,0,0.004,0,0.9087,0,1.034,0,0.003,0,0.014,0,0,0,0.6629,0,0.009,0,0,0,12.63,0,0,0,1.0386,0,13.118,0,0,0,0.26,1,0.001,1,0.821,1,0.213,1,0.001,
PS114,021_01,0.0112,78.6683,24,10,0.61,0,0,0,1,0,0.61,0,0,0,0.188,0,0.01,0,0.9087,0,0.171,0,0.009,0,0.031,0,0,0,0.6629,0,0.021,0,0,0,1.31,0,0.042,0,1.0386,0,1.361,0,0.044,0,0.308,1,0.005,1,0.821,1,0.252,1,0.004,
PS114,021_01,0.0112,78.6683,22,20,3.915,0,0.021,0,1,0,3.915,0,0.021,0,0.419,0,0.006,0,0.9087,0,0.38,0,0.006,0,0.101,0,0.001,0,0.6629,0,0.067,0,0.001,0,2.49,0,0.014,0,1.0386,0,2.586,0,0.015,0,1.119,1,0.009,1,0.821,1,0.918,1,0.008,
PS114,021_01,0.0112,78.6683,20,50,6.25,0,0.042,0,1,0,6.25,0,0.042,0,0.641,0,0.001,0,0.9087,0,0.582,0,0.001,0,0.217,0,0.002,0,0.6629,0,0.144,0,0.001,0,3.6,0,0,0,1.0386,0,3.739,0,0,0,2.867,1,0.022,1,0.821,1,2.353,1,0.018,
PS114,021_01,0.0112,78.6683,18,80,9.245,0,0.049,0,1,0,9.245,0,0.049,0,0.774,0,0.005,0,0.9087,0,0.703,0,0.004,0,0.34,0,0.001,0,0.6629,0,0.225,0,0,0,4.075,0,0.035,0,1.0386,0,4.232,0,0.037,0,2.324,1,0.001,1,0.821,1,1.908,1,0.001,
PS114,021_01,0.0112,78.6683,16,100,11.515,0,0.007,0,1,0,11.515,0,0.007,0,0.851,0,0.004,0,0.9087,0,0.773,0,0.004,0,0.241,0,0.001,0,0.6629,0,0.159,0,0,0,4.455,0,0.007,0,1.0386,0,4.627,0,0.007,0,0.887,1,0.014,1,0.821,1,0.728,1,0.012,
PS114,021_01,0.0112,78.6683,14,200,12.04,0,0.085,0,1,0,12.04,0,0.085,0,0.87,0,0.001,0,0.9087,0,0.79,0,0.001,0,0.035,0,0,0,0.6629,0,0.023,0,0,0,4.755,0,0.007,0,1.0386,0,4.939,0,0.007,0,0.278,1,0.01,1,0.821,1,0.228,1,0.008,
PS114,021_01,0.0112,78.6683,12,300,12.16,0,0.071,0,1,0,12.16,0,0.071,0,0.876,0,0.001,0,0.9087,0,0.796,0,0.001,0,0.04,0,0.002,0,0.6629,0,0.026,0,0.001,0,4.945,0,0.035,0,1.0386,0,5.136,0,0.037,0,0.245,1,0.003,1,0.821,1,0.201,1,0.002,
PS114,021_01,0.0112,78.6683,10,420,12.685,0,0.106,0,1,0,12.685,0,0.106,0,0.919,0,0.001,0,0.9087,0,0.835,0,0.001,0,0.042,0,0.001,0,0.6629,0,0.028,0,0,0,5.68,0,0.028,0,1.0386,0,5.899,0,0.029,0,0.265,1,0,1,0.821,1,0.218,1,0,
PS114,021_01,0.0112,78.6683,8,500,12.925,0,0.049,0,1,0,12.925,0,0.049,0,0.946,0,0.004,0,0.9087,0,0.859,0,0.003,0,0.023,0,0,0,0.6629,0,0.015,0,0,0,5.935,0,0.035,0,1.0386,0,6.164,0,0.037,0,0.268,1,0.001,1,0.821,1,0.22,1,0.001,
PS114,021_01,0.0112,78.6683,6,600,13.05,0,0.085,0,1,0,13.05,0,0.085,0,0.964,0,0.001,0,0.9087,0,0.876,0,0.001,0,0.024,0,0,0,0.6629,0,0.016,0,0,0,6.46,0,0,0,1.0386,0,6.709,0,0,0,0.274,1,0.003,1,0.821,1,0.225,1,0.002,
PS114,021_01,0.0112,78.6683,4,700,13.245,0,0.007,0,1,0,13.245,0,0.007,0,0.985,0,0.001,0,0.9087,0,0.895,0,0.001,0,0.024,0,0.001,0,0.6629,0,0.016,0,0.001,0,6.685,0,0.007,0,1.0386,0,6.943,0,0.007,0,0.279,1,0.002,1,0.821,1,0.229,1,0.002,
PS114,021_01,0.0112,78.6683,2,800,13.48,0,0.014,0,1,0,13.48,0,0.014,0,0.996,0,0.001,0,0.9087,0,0.905,0,0.001,0,0.016,0,0,0,0.6629,0,0.011,0,0,0,6.905,0,0.021,0,1.0386,0,7.172,0,0.022,0,0.251,1,0.001,1,0.821,1,0.206,1,0.001,
PS114,022_01,-0.0015,78.5007,24,10,0.77,0,0,0,1,0,0.77,0,0,0,0.205,0,0.004,0,0.9087,0,0.186,0,0.003,0,0.023,0,0.001,0,0.6629,0,0.015,0,0,0,1.915,0,0.049,0,1.0386,0,1.989,0,0.051,0,0.344,1,0.001,1,0.821,1,0.282,1,0.001,
PS114,022_01,-0.0015,78.5007,22,40,7.665,0,0.021,0,1,0,7.665,0,0.021,0,0.703,0,0.003,0,0.9087,0,0.639,0,0.003,0,0.222,0,0.004,0,0.6629,0,0.147,0,0.003,0,3.895,0,0.007,0,1.0386,0,4.045,0,0.007,0,2.539,1,0.022,1,0.821,1,2.084,1,0.018,
PS114,022_01,-0.0015,78.5007,20,50,9.165,0,0.021,0,1,0,9.165,0,0.021,0,0.77,0,0.001,0,0.9087,0,0.7,0,0.001,0,0.264,0,0,0,0.6629,0,0.175,0,0,0,4.105,0,0.035,0,1.0386,0,4.264,0,0.037,0,2.065,1,0.002,1,0.821,1,1.695,1,0.002,
PS114,022_01,-0.0015,78.5007,18,80,12.035,0,0.049,0,1,0,12.035,0,0.049,0,0.878,0,0.001,0,0.9087,0,0.798,0,0.001,0,0.185,0,0.001,0,0.6629,0,0.122,0,0,0,4.48,0,0.014,0,1.0386,0,4.653,0,0.015,0,0.75,1,0.021,1,0.821,1,0.615,1,0.017,
PS114,022_01,-0.0015,78.5007,16,100,12.48,0,0.014,0,1,0,12.48,0,0.014,0,0.894,0,0.001,0,0.9087,0,0.812,0,0.001,0,0.113,0,0.005,0,0.6629,0,0.075,0,0.003,0,4.68,0,0,0,1.0386,0,4.861,0,0,0,0.328,1,0.015,1,0.821,1,0.269,1,0.012,
PS114,022_01,-0.0015,78.5007,14,200,12.175,0,0.035,0,1,0,12.175,0,0.035,0,0.895,0,0.014,0,0.9087,0,0.813,0,0.013,0,0.036,0,0.001,0,0.6629,0,0.024,0,0,0,4.825,0,0.007,0,1.0386,0,5.011,0,0.007,0,0.283,1,0.006,1,0.821,1,0.232,1,0.005,
PS114,022_01,-0.0015,78.5007,12,300,12.205,0,0.078,0,1,0,12.205,0,0.078,0,0.887,0,0.001,0,0.9087,0,0.806,0,0.001,0,0.045,0,0.012,0,0.6629,0,0.029,0,0.008,0,4.97,0,0.014,0,1.0386,0,5.162,0,0.015,0,0.276,1,0.003,1,0.821,1,0.227,1,0.002,
PS114,022_01,-0.0015,78.5007,10,400,12.635,0,0.007,0,1,0,12.635,0,0.007,0,0.924,0,0.001,0,0.9087,0,0.84,0,0.001,0,0.033,0,0,0,0.6629,0,0.022,0,0,0,5.595,0,0.049,0,1.0386,0,5.811,0,0.051,0,0.266,1,0.001,1,0.821,1,0.218,1,0.001,
PS114,022_01,-0.0015,78.5007,8,500,12.83,0,0.042,0,1,0,12.83,0,0.042,0,0.955,0,0.002,0,0.9087,0,0.867,0,0.002,0,0.017,0,0.001,0,0.6629,0,0.011,0,0.001,0,6.42,0,0,0,1.0386,0,6.668,0,0,0,0.291,1,0.004,1,0.821,1,0.239,1,0.003,
PS114,022_01,-0.0015,78.5007,6,600,13.1,0,0,0,1,0,13.1,0,0,0,0.972,0,0.001,0,0.9087,0,0.883,0,0.001,0,0.022,0,0.001,0,0.6629,0,0.014,0,0,0,6.405,0,0.007,0,1.0386,0,6.652,0,0.007,0,0.266,1,0,1,0.821,1,0.218,1,0,
PS114,022_01,-0.0015,78.5007,4,700,13.195,0,0.078,0,1,0,13.195,0,0.078,0,0.981,0,0.001,0,0.9087,0,0.891,0,0.001,0,0.018,0,0,0,0.6629,0,0.012,0,0,0,6.56,0,0.028,0,1.0386,0,6.813,0,0.029,0,0.295,1,0.001,1,0.821,1,0.242,1,0.001,
PS114,022_01,-0.0015,78.5007,2,801,13.26,0,0.042,0,1,0,13.26,0,0.042,0,0.992,0,0.003,0,0.9087,0,0.901,0,0.003,0,0.017,0,0.001,0,0.6629,0,0.011,0,0.001,0,6.91,0,0.014,0,1.0386,0,7.177,0,0.015,0,0.282,1,0.001,1,0.821,1,0.231,1,0.001,
PS114,023_01,0.0039,78.1877,22,10,0.445,0,0.007,0,1,0,0.445,0,0.007,0,0.2,0,0.001,0,0.9087,0,0.182,0,0.001,0,0.024,0,0.006,0,0.6629,0,0.016,0,0.004,0,1.975,0,0.007,0,1.0386,0,2.051,0,0.007,0,0.401,1,0.001,1,0.821,1,0.329,1,0.001,
PS114,023_01,0.0039,78.1877,20,25,2.305,0,0.007,0,1,0,2.305,0,0.007,0,0.382,0,0.001,0,0.9087,0,0.347,0,0.001,0,0.075,0,0.001,0,0.6629,0,0.049,0,0,0,2.5,0,0,0,1.0386,0,2.597,0,0,0,1.667,1,0.017,1,0.821,1,1.369,1,0.014,
PS114,023_01,0.0039,78.1877,17,35,4.615,0,0.021,0,1,0,4.615,0,0.021,0,0.554,0,0.007,0,0.9087,0,0.503,0,0.006,0,0.134,0,0,0,0.6629,0,0.089,0,0,0,3.215,0,0.007,0,1.0386,0,3.339,0,0.007,0,2.677,1,0.01,1,0.821,1,2.198,1,0.008,
PS114,023_01,0.0039,78.1877,15,45,8.555,0,0.007,0,1,0,8.555,0,0.007,0,0.717,0,0.001,0,0.9087,0,0.652,0,0.001,0,0.227,0,0.001,0,0.6629,0,0.15,0,0.001,0,4.18,0,0.014,0,1.0386,0,4.341,0,0.015,0,1.64,1,0.009,1,0.821,1,1.346,1,0.008,
PS114,023_01,0.0039,78.1877,14,50,12.065,0,0.021,0,1,0,12.065,0,0.021,0,0.864,0,0.002,0,0.9087,0,0.785,0,0.002,0,0.423,0,0,0,0.6629,0,0.28,0,0,0,4.535,0,0.021,0,1.0386,0,4.71,0,0.022,0,0.753,1,0.011,1,0.821,1,0.618,1,0.009,
PS114,023_01,0.0039,78.1877,13,75,9.61,0,0.057,0,1,0,9.61,0,0.057,0,0.759,0,0.004,0,0.9087,0,0.689,0,0.003,0,0.238,0,0.001,0,0.6629,0,0.157,0,0,0,4.305,0,0.007,0,1.0386,0,4.471,0,0.007,0,1.396,1,0.004,1,0.821,1,1.146,1,0.003,
PS114,023_01,0.0039,78.1877,12,100,11.33,0,0.014,0,1,0,11.33,0,0.014,0,0.846,0,0.001,0,0.9087,0,0.769,0,0.001,0,0.415,0,0.001,0,0.6629,0,0.275,0,0.001,0,4.385,0,0.021,0,1.0386,0,4.554,0,0.022,0,1.446,1,0.001,1,0.821,1,1.187,1,0.001,
PS114,023_01,0.0039,78.1877,10,250,12.365,0,0.035,0,1,0,12.365,0,0.035,0,0.89,0,0.001,0,0.9087,0,0.808,0,0.001,0,0.074,0,0.001,0,0.6629,0,0.049,0,0.001,0,5.51,0,0,0,1.0386,0,5.723,0,0,0,0.248,1,0.013,1,0.821,1,0.203,1,0.011,
PS114,023_01,0.0039,78.1877,9,300,12.365,0,0.049,0,1,0,12.365,0,0.049,0,0.898,0,0.004,0,0.9087,0,0.816,0,0.003,0,0.059,0,0.001,0,0.6629,0,0.039,0,0,0,5.675,0,0.007,0,1.0386,0,5.894,0,0.007,0,0.229,1,0.002,1,0.821,1,0.188,1,0.002,
PS114,023_01,0.0039,78.1877,8,400,12.24,0,0.042,0,1,0,12.24,0,0.042,0,0.893,0,0.002,0,0.9087,0,0.811,0,0.002,0,0.024,0,0.002,0,0.6629,0,0.016,0,0.001,0,5.64,0,0,0,1.0386,0,5.858,0,0,0,0.23,1,0.001,1,0.821,1,0.189,1,0.001,
PS114,023_01,0.0039,78.1877,7,500,12.64,0,0.071,0,1,0,12.64,0,0.071,0,0.925,0,0.002,0,0.9087,0,0.84,0,0.002,0,0.02,0,0.001,0,0.6629,0,0.013,0,0.001,0,6.195,0,0.007,0,1.0386,0,6.434,0,0.007,0,0.237,1,0.008,1,0.821,1,0.195,1,0.007,
PS114,023_01,0.0039,78.1877,6,750,13.09,0,0,0,1,0,13.09,0,0,0,0.968,0,0.001,0,0.9087,0,0.88,0,0.001,0,0.014,0,0.001,0,0.6629,0,0.009,0,0,0,6.89,0,0.127,0,1.0386,0,7.156,0,0.132,0,0.232,1,0.001,1,0.821,1,0.19,1,0.001,
PS114,023_01,0.0039,78.1877,5,1001,13.385,0,0.035,0,1,0,13.385,0,0.035,0,0.98,0,0.001,0,0.9087,0,0.89,0,0.001,0,0.009,0,0.001,0,0.6629,0,0.006,0,0,0,7.17,0,0.042,0,1.0386,0,7.447,0,0.044,0,0.235,1,0.001,1,0.821,1,0.193,1,0.001,
PS114,023_01,0.0039,78.1877,4,1500,13.97,0,0.028,0,1,0,13.97,0,0.028,0,1.02,0,0.003,0,0.9087,0,0.927,0,0.003,0,0.006,0,0.001,0,0.6629,0,0.004,0,0.001,0,8.6,0,0.014,0,1.0386,0,8.932,0,0.015,0,0.226,1,0.001,1,0.821,1,0.186,1,0.001,
PS114,023_01,0.0039,78.1877,3,2001,14.845,0,0.021,0,1,0,14.845,0,0.021,0,1.086,0,0.001,0,0.9087,0,0.987,0,0.001,0,0.005,0,0,0,0.6629,0,0.003,0,0,0,11.25,0,0.028,0,1.0386,0,11.684,0,0.029,0,0.228,1,0.002,1,0.821,1,0.187,1,0.002,
PS114,023_01,0.0039,78.1877,2,2500,15.14,0,0.014,0,1,0,15.14,0,0.014,0,1.106,0,0.004,0,0.9087,0,1.005,0,0.004,0,0.006,0,0.001,0,0.6629,0,0.004,0,0,0,12.15,0,0.014,0,1.0386,0,12.619,0,0.015,0,0.23,1,0,1,0.821,1,0.189,1,0,
PS114,023_01,0.0039,78.1877,1,2990,15.16,0,0.042,0,1,0,15.16,0,0.042,0,1.119,0,0.006,0,0.9087,0,1.017,0,0.005,0,0.008,0,0.001,0,0.6629,0,0.005,0,0,0,12.58,0,0.042,0,1.0386,0,13.066,0,0.044,0,0.229,1,0.001,1,0.821,1,0.188,1,0.001,
PS114,024_01,-0.0082,78.3333,24,10,0.8,0,0,0,1.0144,0,0.812,0,0,0,0.202,0,0.002,0,0.9236,0,0.186,0,0.002,0,0.028,0,0.001,0,0.6629,0,0.018,0,0,0,1.315,0,0.007,0,1.0228,0,1.345,0,0.007,0,0.426,1,0.002,1,0.9217,1,0.392,1,0.002,
PS114,024_01,-0.0082,78.3333,22,20,2.685,0,0.007,0,1.0144,0,2.724,0,0.007,0,0.369,0,0.002,0,0.9236,0,0.34,0,0.002,0,0.06,0,0.002,0,0.6629,0,0.039,0,0.001,0,1.725,0,0.007,0,1.0228,0,1.764,0,0.007,0,1.318,1,0.011,1,0.9217,1,1.214,1,0.01,
PS114,024_01,-0.0082,78.3333,20,50,5.63,0,0.014,0,1.0144,0,5.711,0,0.014,0,0.59,0,0.004,0,0.9236,0,0.544,0,0.003,0,0.236,0,0.002,0,0.6629,0,0.156,0,0.001,0,3.19,0,0,0,1.0228,0,3.263,0,0,0,2.712,1,0.021,1,0.9217,1,2.499,1,0.019,
PS114,024_01,-0.0082,78.3333,18,80,10.995,0,0.007,0,1.0144,0,11.154,0,0.007,0,0.805,0,0.001,0,0.9236,0,0.744,0,0.001,0,0.344,0,0,0,0.6629,0,0.228,0,0,0,4.055,0,0.007,0,1.0228,0,4.147,0,0.007,0,1.423,1,0.011,1,0.9217,1,1.311,1,0.01,
PS114,024_01,-0.0082,78.3333,16,100,12.035,0,0.007,0,1.0144,0,12.209,0,0.007,0,0.85,0,0.001,0,0.9236,0,0.785,0,0.001,0,0.3,0,0,0,0.6629,0,0.199,0,0,0,4.2,0,0.113,0,1.0228,0,4.296,0,0.116,0,0.924,1,0.006,1,0.9217,1,0.852,1,0.005,
PS114,024_01,-0.0082,78.3333,14,200,12.32,0,0.014,0,1.0144,0,12.498,0,0.014,0,0.862,0,0.001,0,0.9236,0,0.796,0,0.001,0,0.083,0,0.001,0,0.6629,0,0.055,0,0,0,4.54,0,0,0,1.0228,0,4.643,0,0,0,0.354,1,0.008,1,0.9217,1,0.326,1,0.008,
PS114,024_01,-0.0082,78.3333,12,300,12.355,0,0.021,0,1.0144,0,12.533,0,0.022,0,0.889,0,0.018,0,0.9236,0,0.821,0,0.016,0,0.04,0,0.001,0,0.6629,0,0.026,0,0,0,4.96,0,0,0,1.0228,0,5.073,0,0,0,0.29,1,0.002,1,0.9217,1,0.267,1,0.002,
PS114,024_01,-0.0082,78.3333,10,400,12.795,0,0.021,0,1.0144,0,12.979,0,0.022,0,0.926,0,0.016,0,0.9236,0,0.855,0,0.015,0,0.016,0,0.002,0,0.6629,0,0.01,0,0.001,0,6.095,0,0.007,0,1.0228,0,6.234,0,0.007,0,0.304,1,0.001,1,0.9217,1,0.28,1,0.001,
PS114,024_01,-0.0082,78.3333,8,500,12.83,0,0.057,0,1.0144,0,13.015,0,0.057,0,0.918,0,0.002,0,0.9236,0,0.847,0,0.002,0,0.023,0,0.002,0,0.6629,0,0.015,0,0.001,0,5.725,0,0.021,0,1.0228,0,5.855,0,0.022,0,0.293,1,0,1,0.9217,1,0.27,1,0,
PS114,024_01,-0.0082,78.3333,6,600,12.94,0,0,0,1.0144,0,13.127,0,0,0,0.929,0,0.001,0,0.9236,0,0.858,0,0.001,0,0.025,0,0.001,0,0.6629,0,0.016,0,0,0,6,0,0,0,1.0228,0,6.137,0,0,0,0.293,1,0.001,1,0.9217,1,0.27,1,0.001,
PS114,024_01,-0.0082,78.3333,4,700,12.985,0,0.007,0,1.0144,0,13.172,0,0.007,0,0.933,0,0.004,0,0.9236,0,0.861,0,0.003,0,0.019,0,0.001,0,0.6629,0,0.012,0,0,0,5.85,0,0,0,1.0228,0,5.983,0,0,0,0.298,1,0.001,1,0.9217,1,0.274,1,0.001,
PS114,024_01,-0.0082,78.3333,2,800,13.16,0,0.028,0,1.0144,0,13.35,0,0.029,0,0.95,0,0.002,0,0.9236,0,0.877,0,0.002,0,0.018,0,0.004,0,0.6629,0,0.012,0,0.003,0,6.095,0,0.007,0,1.0228,0,6.234,0,0.007,0,0.288,1,0.001,1,0.9217,1,0.265,1,0.001,
PS114,025_02,-0.0252,78.8297,21,10,0.16,0,0,0,1.0144,0,0.162,0,0,0,0.173,0,0.03,0,0.9236,0,0.16,0,0.027,0,0.013,0,0,0,0.6629,0,0.009,0,0,0,1.255,0,0.021,0,1.0228,0,1.284,0,0.022,0,0.366,1,0.001,1,0.9217,1,0.337,1,0.001,
PS114,025_02,-0.0252,78.8297,19,25,1.41,0,0,0,1.0144,0,1.43,0,0,0,0.241,0,0.001,0,0.9236,0,0.223,0,0.001,0,0.027,0,0.001,0,0.6629,0,0.018,0,0,0,1.36,0,0,0,1.0228,0,1.391,0,0,0,0.422,1,0.001,1,0.9217,1,0.389,1,0.001,
PS114,025_02,-0.0252,78.8297,17,35,4.85,0,0.028,0,1.0144,0,4.92,0,0.029,0,0.493,0,0.004,0,0.9236,0,0.455,0,0.003,0,0.05,0,0,0,0.6629,0,0.033,0,0,0,2.26,0,0,0,1.0228,0,2.311,0,0,0,0.87,1,0.008,1,0.9217,1,0.802,1,0.008,
PS114,025_02,-0.0252,78.8297,15,45,6.975,0,0.021,0,1.0144,0,7.076,0,0.022,0,0.647,0,0.006,0,0.9236,0,0.598,0,0.005,0,0.078,0,0.001,0,0.6629,0,0.051,0,0,0,3.265,0,0.007,0,1.0228,0,3.339,0,0.007,0,1.426,1,0.011,1,0.9217,1,1.314,1,0.01,
PS114,025_02,-0.0252,78.8297,14,55,7.51,0,0.028,0,1.0144,0,7.618,0,0.029,0,0.688,0,0.003,0,0.9236,0,0.635,0,0.003,0,0.103,0,0.001,0,0.6629,0,0.068,0,0.001,0,3.59,0,0,0,1.0228,0,3.672,0,0,0,1.574,1,0.004,1,0.9217,1,1.451,1,0.004,
PS114,025_02,-0.0252,78.8297,13,75,6.645,0,0.035,0,1.0144,0,6.741,0,0.036,0,0.649,0,0.001,0,0.9236,0,0.599,0,0.001,0,0.16,0,0.002,0,0.6629,0,0.106,0,0.001,0,3.48,0,0.014,0,1.0228,0,3.559,0,0.014,0,2.157,1,0.006,1,0.9217,1,1.988,1,0.006,
PS114,025_02,-0.0252,78.8297,11,100,11.28,0,0.014,0,1.0144,0,11.443,0,0.014,0,0.846,0,0.001,0,0.9236,0,0.781,0,0.001,0,0.285,0,0.006,0,0.6629,0,0.189,0,0.004,0,4.22,0,0,0,1.0228,0,4.316,0,0,0,0.986,1,0.013,1,0.9217,1,0.908,1,0.012,
PS114,025_02,-0.0252,78.8297,10,250,11.94,0,0.014,0,1.0144,0,12.112,0,0.014,0,0.871,0,0.002,0,0.9236,0,0.804,0,0.002,0,0.031,0,0.001,0,0.6629,0,0.021,0,0.001,0,4.595,0,0.021,0,1.0228,0,4.7,0,0.022,0,0.335,1,0.011,1,0.9217,1,0.309,1,0.01,
PS114,025_02,-0.0252,78.8297,9,300,12.05,0,0,0,1.0144,0,12.224,0,0,0,0.882,0,0.004,0,0.9236,0,0.814,0,0.003,0,0.028,0,0.006,0,0.6629,0,0.018,0,0.004,0,4.825,0,0.007,0,1.0228,0,4.935,0,0.007,0,0.301,1,0.001,1,0.9217,1,0.277,1,0.001,
PS114,025_02,-0.0252,78.8297,8,400,12.49,0,0,0,1.0144,0,12.67,0,0,0,0.919,0,0.003,0,0.9236,0,0.849,0,0.003,0,0.026,0,0.001,0,0.6629,0,0.017,0,0.001,0,5.39,0,0.014,0,1.0228,0,5.513,0,0.014,0,0.272,1,0.001,1,0.9217,1,0.25,1,0.001,
PS114,025_02,-0.0252,78.8297,7,500,12.775,0,0.035,0,1.0144,0,12.959,0,0.036,0,0.954,0,0.001,0,0.9236,0,0.881,0,0.001,0,0.026,0,0.003,0,0.6629,0,0.017,0,0.002,0,5.74,0,0,0,1.0228,0,5.871,0,0,0,0.547,1,0.003,1,0.9217,1,0.504,1,0.003,
PS114,025_02,-0.0252,78.8297,6,750,13.12,0,0.028,0,1.0144,0,13.309,0,0.029,0,0.978,0,0,0,0.9236,0,0.903,0,0,0,0.018,0,0,0,0.6629,0,0.012,0,0,0,6.335,0,0.007,0,1.0228,0,6.479,0,0.007,0,0.287,1,0.001,1,0.9217,1,0.264,1,0.001,
PS114,025_02,-0.0252,78.8297,5,1000,13.535,0,0.035,0,1.0144,0,13.73,0,0.036,0,1,0,0.003,0,0.9236,0,0.924,0,0.003,0,0.017,0,0.002,0,0.6629,0,0.011,0,0.001,0,6.74,0,0.014,0,1.0228,0,6.893,0,0.014,0,0.315,1,0.001,1,0.9217,1,0.29,1,0.001,
PS114,025_02,-0.0252,78.8297,4,1500,14.505,0,0.007,0,1.0144,0,14.714,0,0.007,0,1.066,0,0,0,0.9236,0,0.985,0,0,0,0.017,0,0.007,0,0.6629,0,0.011,0,0.005,0,9.495,0,0.021,0,1.0228,0,9.711,0,0.022,0,0.331,1,0.002,1,0.9217,1,0.305,1,0.002,
PS114,025_02,-0.0252,78.8297,3,2000,15.12,0,0,0,1.0144,0,15.338,0,0,0,1.118,0,0.005,0,0.9236,0,1.032,0,0.005,0,0.012,0,0.001,0,0.6629,0,0.008,0,0,0,11.49,0,0.014,0,1.0228,0,11.752,0,0.014,0,0.341,1,0.004,1,0.9217,1,0.314,1,0.004,
PS114,025_02,-0.0252,78.8297,2,2500,15.165,0,0.007,0,1.0144,0,15.384,0,0.007,0,1.104,0,0.005,0,0.9236,0,1.019,0,0.005,0,0.013,0,0.001,0,0.6629,0,0.009,0,0.001,0,11.975,0,0.049,0,1.0228,0,12.248,0,0.051,0,0.325,1,0.002,1,0.9217,1,0.299,1,0.002,
PS114,025_02,-0.0252,78.8297,1,3000,15.065,0,0.007,0,1.0144,0,15.282,0,0.007,0,1.107,0,0,0,0.9236,0,1.022,0,0,0,0.015,0,0.001,0,0.6629,0,0.01,0,0.001,0,11.63,0,0.028,0,1.0228,0,11.895,0,0.029,0,0.361,1,0,1,0.9217,1,0.333,1,0,
PS114,026_01,-0.0003,78.9989,24,10,0.29,0,0.057,0,1.0144,0,0.294,0,0.057,0,0.227,0,0.026,0,0.9236,0,0.209,0,0.024,0,0.018,0,0.001,0,0.6629,0,0.012,0,0,0,0.74,0,0.014,0,1.0228,0,0.757,0,0.014,0,0.423,1,0.001,1,0.9217,1,0.389,1,0.001,
PS114,026_01,-0.0003,78.9989,22,16,1.18,0,0.014,0,1.0144,0,1.197,0,0.014,0,0.314,0,0.007,0,0.9236,0,0.29,0,0.007,0,0.067,0,0.001,0,0.6629,0,0.044,0,0,0,1.84,0,0.014,0,1.0228,0,1.882,0,0.014,0,0.369,1,0.004,1,0.9217,1,0.34,1,0.003,
PS114,026_01,-0.0003,78.9989,20,26,5.79,0,0.014,0,1.0144,0,5.873,0,0.014,0,0.576,0,0.003,0,0.9236,0,0.532,0,0.003,0,0.066,0,0.001,0,0.6629,0,0.043,0,0,0,3.02,0,0.014,0,1.0228,0,3.089,0,0.014,0,0.619,1,0.001,1,0.9217,1,0.571,1,0.001,
PS114,026_01,-0.0003,78.9989,18,36,6.635,0,0.021,0,1.0144,0,6.731,0,0.022,0,0.636,0,0.006,0,0.9236,0,0.587,0,0.005,0,0.06,0,0,0,0.6629,0,0.04,0,0,0,3.08,0,0.014,0,1.0228,0,3.15,0,0.014,0,1.141,1,0.006,1,0.9217,1,1.051,1,0.006,
PS114,026_01,-0.0003,78.9989,16,105,11.25,0,0.014,0,1.0144,0,11.412,0,0.014,0,0.842,0,0.006,0,0.9236,0,0.778,0,0.005,0,0.4,0,0,0,0.6629,0,0.265,0,0,0,3.85,0,0,0,1.0228,0,3.938,0,0,0,1.571,1,0.004,1,0.9217,1,1.447,1,0.003,
PS114,026_01,-0.0003,78.9989,14,200,12.075,0,0.007,0,1.0144,0,12.249,0,0.007,0,0.861,0,0.001,0,0.9236,0,0.795,0,0.001,0,0.038,0,0.004,0,0.6629,0,0.025,0,0.002,0,4.65,0,0.028,0,1.0228,0,4.756,0,0.029,0,0.345,1,0.016,1,0.9217,1,0.318,1,0.014,
PS114,026_01,-0.0003,78.9989,12,300,11.91,0,0.014,0,1.0144,0,12.082,0,0.014,0,0.86,0,0.002,0,0.9236,0,0.794,0,0.002,0,0.028,0,0.001,0,0.6629,0,0.018,0,0,0,4.775,0,0.007,0,1.0228,0,4.884,0,0.007,0,0.328,1,0.003,1,0.9217,1,0.302,1,0.003,
PS114,026_01,-0.0003,78.9989,10,420,12.565,0,0.021,0,1.0144,0,12.746,0,0.022,0,0.914,0,0,0,0.9236,0,0.844,0,0,0,0.026,0,0,0,0.6629,0,0.017,0,0,0,5.635,0,0.064,0,1.0228,0,5.763,0,0.065,0,0.34,1,0.001,1,0.9217,1,0.313,1,0.001,
PS114,026_01,-0.0003,78.9989,8,500,12.81,0,0,0,1.0144,0,12.995,0,0,0,0.928,0,0,0,0.9236,0,0.857,0,0,0,0.025,0,0.004,0,0.6629,0,0.016,0,0.002,0,5.835,0,0.035,0,1.0228,0,5.968,0,0.036,0,0.334,1,0.001,1,0.9217,1,0.307,1,0.001,
PS114,026_01,-0.0003,78.9989,6,600,13.06,0,0.028,0,1.0144,0,13.248,0,0.029,0,0.953,0,0.001,0,0.9236,0,0.88,0,0.001,0,0.015,0,0.001,0,0.6629,0,0.01,0,0,0,6.27,0,0.014,0,1.0228,0,6.413,0,0.014,0,0.328,1,0,1,0.9217,1,0.302,1,0,
PS114,026_01,-0.0003,78.9989,4,700,12.87,0,0.028,0,1.0144,0,13.056,0,0.029,0,0.95,0,0.001,0,0.9236,0,0.877,0,0.001,0,0.019,0,0.005,0,0.6629,0,0.012,0,0.003,0,6.43,0,0.014,0,1.0228,0,6.576,0,0.014,0,0.35,1,0,1,0.9217,1,0.323,1,0,
PS114,026_01,-0.0003,78.9989,2,800,12.77,0,0,0,1.0144,0,12.954,0,0,0,0.943,0,0.002,0,0.9236,0,0.871,0,0.002,0,0.014,0,0.004,0,0.6629,0,0.009,0,0.002,0,6.57,0,0,0,1.0228,0,6.72,0,0,0,0.317,1,0.001,1,0.9217,1,0.292,1,0.001,
PS114,027_01,0.0063,79.1655,24,10,4.655,0,0.021,0,1.0144,0,4.722,0,0.022,0,0.583,0,0.003,0,0.9236,0,0.538,0,0.003,0,0.053,0,0.001,0,0.6629,0,0.035,0,0,0,5.465,0,0.007,0,1.0228,0,5.589,0,0.007,0,0.449,1,0.001,1,0.9217,1,0.413,1,0.001,
PS114,027_01,0.0063,79.1655,22,25,7.13,0,0,0,1.0144,0,7.233,0,0,0,0.712,0,0.001,0,0.9236,0,0.657,0,0.001,0,0.046,0,0,0,0.6629,0,0.03,0,0,0,6.92,0,0.028,0,1.0228,0,7.078,0,0.029,0,0.474,1,0.001,1,0.9217,1,0.437,1,0.001,
PS114,027_01,0.0063,79.1655,20,50,9.13,0,0.042,0,1.0144,0,9.262,0,0.043,0,0.752,0,0.006,0,0.9236,0,0.695,0,0.005,0,0.024,0,0.001,0,0.6629,0,0.016,0,0,0,6.12,0,0.014,0,1.0228,0,6.259,0,0.014,0,0.322,1,0.001,1,0.9217,1,0.297,1,0.001,
PS114,027_01,0.0063,79.1655,18,80,5.53,0,0.028,0,1.0144,0,5.61,0,0.029,0,0.532,0,0.001,0,0.9236,0,0.491,0,0.001,0,0.081,0,0.001,0,0.6629,0,0.053,0,0,0,3.475,0,0.035,0,1.0228,0,3.554,0,0.036,0,1.31,1,0.011,1,0.9217,1,1.207,1,0.01,
PS114,027_01,0.0063,79.1655,16,150,12.33,0,0.057,0,1.0144,0,12.508,0,0.057,0,0.849,0,0.001,0,0.9236,0,0.784,0,0.001,0,0.057,0,0.001,0,0.6629,0,0.038,0,0.001,0,4.66,0,0.014,0,1.0228,0,4.766,0,0.014,0,0.351,1,0.012,1,0.9217,1,0.323,1,0.011,
PS114,027_01,0.0063,79.1655,14,200,12.13,0,0.014,0,1.0144,0,12.305,0,0.014,0,0.844,0,0,0,0.9236,0,0.78,0,0,0,0.034,0,0.001,0,0.6629,0,0.023,0,0.001,0,4.685,0,0.007,0,1.0228,0,4.792,0,0.007,0,0.328,1,0.001,1,0.9217,1,0.302,1,0.001,
PS114,027_01,0.0063,79.1655,12,350,12.3,0,0.028,0,1.0144,0,12.477,0,0.029,0,0.859,0,0.001,0,0.9236,0,0.793,0,0.001,0,0.032,0,0.001,0,0.6629,0,0.021,0,0.001,0,5.155,0,0.007,0,1.0228,0,5.272,0,0.007,0,0.291,1,0,1,0.9217,1,0.268,1,0,
PS114,027_01,0.0063,79.1655,10,400,12.675,0,0.007,0,1.0144,0,12.858,0,0.007,0,0.896,0,0.001,0,0.9236,0,0.828,0,0.001,0,0.022,0,0.001,0,0.6629,0,0.015,0,0.001,0,5.96,0,0.014,0,1.0228,0,6.096,0,0.014,0,0.316,1,0.001,1,0.9217,1,0.291,1,0.001,
PS114,027_01,0.0063,79.1655,8,500,12.66,0,0,0,1.0144,0,12.843,0,0,0,0.906,0,0.001,0,0.9236,0,0.836,0,0.001,0,0.013,0,0.001,0,0.6629,0,0.009,0,0.001,0,6.175,0,0.007,0,1.0228,0,6.316,0,0.007,0,0.28,1,0,1,0.9217,1,0.258,1,0,
PS114,027_01,0.0063,79.1655,6,600,12.79,0,0.042,0,1.0144,0,12.974,0,0.043,0,0.925,0,0.006,0,0.9236,0,0.854,0,0.005,0,0.015,0,0,0,0.6629,0,0.01,0,0,0,6.485,0,0.007,0,1.0228,0,6.633,0,0.007,0,0.375,1,0.001,1,0.9217,1,0.346,1,0.001,
PS114,027_01,0.0063,79.1655,4,700,12.89,0,0.014,0,1.0144,0,13.076,0,0.014,0,0.939,0,0.004,0,0.9236,0,0.867,0,0.003,0,0.013,0,0.001,0,0.6629,0,0.009,0,0.001,0,6.455,0,0.007,0,1.0228,0,6.602,0,0.007,0,0.315,1,0.001,1,0.9217,1,0.29,1,0.001,
PS114,027_01,0.0063,79.1655,2,801,12.68,0,0.028,0,1.0144,0,12.863,0,0.029,0,0.939,0,0.001,0,0.9236,0,0.867,0,0.001,0,0.012,0,0.001,0,0.6629,0,0.008,0,0,0,6.88,0,0.014,0,1.0228,0,7.037,0,0.014,0,0.315,1,0,1,0.9217,1,0.29,1,0,
PS114,028_01,0.0474,79.3348,24,10,0.47,0,0.014,0,1.0144,0,0.477,0,0.014,0,0.262,0,0.002,0,0.9236,0,0.242,0,0.002,0,0.026,0,0.001,0,0.6629,0,0.017,0,0,0,1.31,0,0.028,0,1.0228,0,1.34,0,0.029,0,0.508,1,0.001,1,0.9217,1,0.468,1,0.001,
PS114,028_01,0.0474,79.3348,22,25,3.9,0,0,0,1.0144,0,3.956,0,0,0,0.458,0,0.003,0,0.9236,0,0.423,0,0.003,0,0.066,0,0.001,0,0.6629,0,0.044,0,0.001,0,2.495,0,0.021,0,1.0228,0,2.552,0,0.022,0,0.844,1,0.004,1,0.9217,1,0.777,1,0.003,
PS114,028_01,0.0474,79.3348,20,50,6.47,0,0.014,0,1.0144,0,6.563,0,0.014,0,0.6,0,0.001,0,0.9236,0,0.554,0,0.001,0,0.084,0,0.001,0,0.6629,0,0.055,0,0,0,3.195,0,0.007,0,1.0228,0,3.268,0,0.007,0,0.938,1,0,1,0.9217,1,0.865,1,0,
PS114,028_01,0.0474,79.3348,18,80,8.45,0,0.099,0,1.0144,0,8.572,0,0.1,0,0.724,0,0.002,0,0.9236,0,0.668,0,0.002,0,0.143,0,0.001,0,0.6629,0,0.094,0,0,0,4.09,0,0,0,1.0228,0,4.183,0,0,0,1.515,1,0.01,1,0.9217,1,1.396,1,0.009,
PS114,028_01,0.0474,79.3348,16,150,12.08,0,0.014,0,1.0144,0,12.254,0,0.014,0,0.869,0,0.001,0,0.9236,0,0.803,0,0.001,0,0.031,0,0.001,0,0.6629,0,0.021,0,0.001,0,5.02,0,0.014,0,1.0228,0,5.134,0,0.014,0,0.332,1,0.015,1,0.9217,1,0.306,1,0.014,
PS114,028_01,0.0474,79.3348,14,200,12.095,0,0.021,0,1.0144,0,12.269,0,0.022,0,0.875,0,0.003,0,0.9236,0,0.808,0,0.003,0,0.031,0,0.001,0,0.6629,0,0.02,0,0,0,5.045,0,0.007,0,1.0228,0,5.16,0,0.007,0,0.353,1,0.001,1,0.9217,1,0.325,1,0.001,
PS114,028_01,0.0474,79.3348,12,330,12.435,0,0.007,0,1.0144,0,12.614,0,0.007,0,0.905,0,0,0,0.9236,0,0.836,0,0,0,0.024,0,0,0,0.6629,0,0.016,0,0,0,5.68,0,0.014,0,1.0228,0,5.809,0,0.014,0,0.308,1,0,1,0.9217,1,0.284,1,0,
PS114,028_01,0.0474,79.3348,10,400,12.635,0,0.021,0,1.0144,0,12.817,0,0.022,0,0.923,0,0.001,0,0.9236,0,0.852,0,0.001,0,0.022,0,0.004,0,0.6629,0,0.014,0,0.002,0,5.965,0,0.007,0,1.0228,0,6.101,0,0.007,0,0.308,1,0.001,1,0.9217,1,0.283,1,0.001,
PS114,028_01,0.0474,79.3348,8,500,12.69,0,0,0,1.0144,0,12.873,0,0,0,0.938,0,0.001,0,0.9236,0,0.866,0,0.001,0,0.012,0,0,0,0.6629,0,0.008,0,0,0,6.3,0,0,0,1.0228,0,6.443,0,0,0,0.308,1,0.001,1,0.9217,1,0.284,1,0.001,
PS114,028_01,0.0474,79.3348,6,600,12.71,0,0.028,0,1.0144,0,12.893,0,0.029,0,0.94,0,0,0,0.9236,0,0.868,0,0,0,0.011,0,0.001,0,0.6629,0,0.007,0,0,0,6.375,0,0.049,0,1.0228,0,6.52,0,0.051,0,0.301,1,0.001,1,0.9217,1,0.277,1,0.001,
PS114,028_01,0.0474,79.3348,4,700,12.615,0,0.035,0,1.0144,0,12.797,0,0.036,0,0.938,0,0.001,0,0.9236,0,0.866,0,0.001,0,0.008,0,0,0,0.6629,0,0.005,0,0,0,6.375,0,0.007,0,1.0228,0,6.52,0,0.007,0,0.274,1,0.001,1,0.9217,1,0.252,1,0.001,
PS114,028_01,0.0474,79.3348,2,801,12.67,0,0,0,1.0144,0,12.853,0,0,0,0.946,0,0.001,0,0.9236,0,0.873,0,0.001,0,0.011,0,0.002,0,0.6629,0,0.007,0,0.001,0,6.59,0,0.042,0,1.0228,0,6.74,0,0.043,0,0.305,1,0,1,0.9217,1,0.281,1,0,
PS114,029_01,-0.1001,79.4947,22,10,1.545,0,0.007,0,1.0144,0,1.567,0,0.007,0,0.342,0,0.004,0,0.9236,0,0.316,0,0.004,0,0.035,0,0.001,0,0.6629,0,0.023,0,0,0,2.56,0,0.014,0,1.0228,0,2.618,0,0.014,0,0.542,1,0.004,1,0.9217,1,0.499,1,0.003,
PS114,029_01,-0.1001,79.4947,20,25,5.21,0,0.028,0,1.0144,0,5.285,0,0.029,0,0.554,0,0,0,0.9236,0,0.512,0,0,0,0.068,0,0.001,0,0.6629,0,0.045,0,0.001,0,3.725,0,0.049,0,1.0228,0,3.81,0,0.051,0,0.484,1,0.001,1,0.9217,1,0.446,1,0.001,
PS114,029_01,-0.1001,79.4947,18,35,4.475,0,0.007,0,1.0144,0,4.54,0,0.007,0,0.49,0,0,0,0.9236,0,0.453,0,0,0,0.057,0,0.001,0,0.6629,0,0.038,0,0.001,0,3.09,0,0.014,0,1.0228,0,3.16,0,0.014,0,0.728,1,0.002,1,0.9217,1,0.671,1,0.002,
PS114,029_01,-0.1001,79.4947,16,45,4.605,0,0.007,0,1.0144,0,4.671,0,0.007,0,0.484,0,0.001,0,0.9236,0,0.447,0,0.001,0,0.059,0,0.001,0,0.6629,0,0.039,0,0.001,0,2.78,0,0.014,0,1.0228,0,2.843,0,0.014,0,0.75,1,0.001,1,0.9217,1,0.691,1,0.001,
PS114,029_01,-0.1001,79.4947,14,60,8.59,0,0.014,0,1.0144,0,8.714,0,0.014,0,0.71,0,0.001,0,0.9236,0,0.656,0,0.001,0,0.071,0,0,0,0.6629,0,0.047,0,0,0,4.375,0,0.021,0,1.0228,0,4.475,0,0.022,0,0.553,1,0.003,1,0.9217,1,0.51,1,0.003,
PS114,029_01,-0.1001,79.4947,13,70,8.985,0,0.007,0,1.0144,0,9.115,0,0.007,0,0.737,0,0.001,0,0.9236,0,0.68,0,0.001,0,0.056,0,0.001,0,0.6629,0,0.037,0,0.001,0,4.445,0,0.007,0,1.0228,0,4.546,0,0.007,0,0.765,1,0.003,1,0.9217,1,0.705,1,0.003,
PS114,029_01,-0.1001,79.4947,12,100,10.385,0,0.021,0,1.0144,0,10.535,0,0.022,0,0.798,0,0.004,0,0.9236,0,0.737,0,0.003,0,0.095,0,0.005,0,0.6629,0,0.063,0,0.003,0,5.43,0,0,0,1.0228,0,5.554,0,0,0,0.577,1,0.003,1,0.9217,1,0.532,1,0.003,
PS114,029_01,-0.1001,79.4947,10,250,11.89,0,0.042,0,1.0144,0,12.061,0,0.043,0,0.845,0,0.001,0,0.9236,0,0.78,0,0.001,0,0.019,0,0.001,0,0.6629,0,0.012,0,0,0,5.27,0,0.014,0,1.0228,0,5.39,0,0.014,0,0.264,1,0.004,1,0.9217,1,0.243,1,0.004,
PS114,029_01,-0.1001,79.4947,9,300,12.025,0,0.035,0,1.0144,0,12.198,0,0.036,0,0.857,0,0.002,0,0.9236,0,0.791,0,0.002,0,0.016,0,0.003,0,0.6629,0,0.011,0,0.002,0,5.5,0,0,0,1.0228,0,5.625,0,0,0,0.266,1,0.001,1,0.9217,1,0.245,1,0.001,
PS114,029_01,-0.1001,79.4947,8,401,12.49,0,0.014,0,1.0144,0,12.67,0,0.014,0,0.885,0,0.001,0,0.9236,0,0.817,0,0.001,0,0.013,0,0,0,0.6629,0,0.009,0,0,0,6.11,0,0,0,1.0228,0,6.249,0,0,0,0.263,1,0.001,1,0.9217,1,0.242,1,0.001,
PS114,029_01,-0.1001,79.4947,7,500,12.745,0,0.007,0,1.0144,0,12.929,0,0.007,0,0.906,0,0.001,0,0.9236,0,0.837,0,0.001,0,0.009,0,0.003,0,0.6629,0,0.006,0,0.002,0,6.475,0,0.007,0,1.0228,0,6.622,0,0.007,0,0.273,1,0,1,0.9217,1,0.252,1,0,
PS114,029_01,-0.1001,79.4947,6,750,12.505,0,0.035,0,1.0144,0,12.685,0,0.036,0,0.9,0,0.001,0,0.9236,0,0.831,0,0.001,0,0.008,0,0.004,0,0.6629,0,0.005,0,0.002,0,6.595,0,0.007,0,1.0228,0,6.745,0,0.007,0,0.282,1,0.002,1,0.9217,1,0.259,1,0.002,
PS114,029_01,-0.1001,79.4947,5,1000,12.76,0,0.014,0,1.0144,0,12.944,0,0.014,0,0.921,0,0,0,0.9236,0,0.851,0,0,0,0.006,0,0.003,0,0.6629,0,0.004,0,0.002,0,7.145,0,0.021,0,1.0228,0,7.308,0,0.022,0,0.251,1,0.001,1,0.9217,1,0.231,1,0.001,
PS114,029_01,-0.1001,79.4947,4,1501,14.165,0,0.064,0,1.0144,0,14.369,0,0.065,0,1.014,0,0.006,0,0.9236,0,0.937,0,0.005,0,0.002,0,0,0,0.6629,0,0.001,0,0,0,9.84,0,0.028,0,1.0228,0,10.064,0,0.029,0,0.246,1,0,1,0.9217,1,0.227,1,0,
PS114,029_01,-0.1001,79.4947,3,2000,14.745,0,0.035,0,1.0144,0,14.958,0,0.036,0,1.052,0,0.001,0,0.9236,0,0.971,0,0.001,0,0.004,0,0.001,0,0.6629,0,0.002,0,0,0,11.33,0,0.014,0,1.0228,0,11.588,0,0.014,0,0.247,1,0.004,1,0.9217,1,0.228,1,0.004,
PS114,029_01,-0.1001,79.4947,2,2500,14.975,0,0.078,0,1.0144,0,15.191,0,0.079,0,1.069,0,0.004,0,0.9236,0,0.987,0,0.004,0,0.006,0,0.004,0,0.6629,0,0.004,0,0.002,0,11.795,0,0.021,0,1.0228,0,12.064,0,0.022,0,0.243,1,0.001,1,0.9217,1,0.224,1,0.001,
PS114,029_01,-0.1001,79.4947,1,2759,15.025,0,0.021,0,1.0144,0,15.242,0,0.022,0,1.069,0,0,0,0.9236,0,0.987,0,0,0,0.008,0,0.001,0,0.6629,0,0.005,0,0,0,11.815,0,0.064,0,1.0228,0,12.084,0,0.065,0,0.254,1,0.001,1,0.9217,1,0.234,1,0.001,
PS114,031_01,3.1987,79.9451,22,10,0.04,0,0,0,1,0,0.04,0,0,0,0.144,0,0.001,0,0.9598,0,0.138,0,0.001,0,0.003,0,0.001,0,0.7291,0,0.002,0,0.001,0,1.385,0,0.021,0,1.0501,0,1.454,0,0.022,0,-0.233,1,0.004,1,1.2573,1,-0.233,1,0.004,
PS114,031_01,3.1987,79.9451,18,20,1.66,0,0.014,0,1,0,1.66,0,0.014,0,0.283,0,0.001,0,0.9598,0,0.272,0,0.001,0,0.048,0,0,0,0.7291,0,0.035,0,0,0,2.25,0,0,0,1.0501,0,2.363,0,0,0,0.113,1,0.003,1,1.2573,1,0.142,1,0.004,
PS114,031_01,3.1987,79.9451,10,75,6.615,0,0.007,0,1,0,6.615,0,0.007,0,0.632,0,0.003,0,0.9598,0,0.607,0,0.003,0,0.133,0,0,0,0.7291,0,0.097,0,0,0,2.565,0,0.007,0,1.0501,0,2.693,0,0.007,0,2.247,1,0.024,1,1.2573,1,2.825,1,0.03,
PS114,031_01,3.1987,79.9451,7,100,9.095,0,0.007,0,1,0,9.095,0,0.007,0,0.676,0,0.004,0,0.9598,0,0.648,0,0.003,0,0.189,0,0.001,0,0.7291,0,0.138,0,0.001,0,3.655,0,0.007,0,1.0501,0,3.838,0,0.007,0,1.028,1,0.008,1,1.2573,1,1.293,1,0.011,
PS114,031_01,3.1987,79.9451,5,250,12.035,0,0.078,0,1,0,12.035,0,0.078,0,0.786,0,0.001,0,0.9598,0,0.754,0,0.001,0,0.015,0,0.001,0,0.7291,0,0.011,0,0.001,0,4.31,0,0,0,1.0501,0,4.526,0,0,0,-0.223,1,0.016,1,1.2573,1,-0.223,1,0.016,
PS114,031_01,3.1987,79.9451,4,500,12.325,0,0.049,0,1,0,12.325,0,0.049,0,0.815,0,0.004,0,0.9598,0,0.782,0,0.004,0,0.01,0,0.001,0,0.7291,0,0.007,0,0.001,0,5.025,0,0.007,0,1.0501,0,5.277,0,0.007,0,-0.247,1,0.004,1,1.2573,1,-0.247,1,0.004,
PS114,031_01,3.1987,79.9451,2,700,12.805,0,0.021,0,1,0,12.805,0,0.021,0,0.864,0,0.002,0,0.9598,0,0.829,0,0.002,0,0.012,0,0.008,0,0.7291,0,0.008,0,0.006,0,5.81,0,0,0,1.0501,0,6.101,0,0,0,-0.246,1,0,1,1.2573,1,-0.246,1,0,
PS114,031_01,3.1987,79.9451,1,801,12.835,0,0.007,0,1,0,12.835,0,0.007,0,0.895,0,0.004,0,0.9598,0,0.859,0,0.003,0,0.005,0,0,0,0.7291,0,0.004,0,0,0,6.185,0,0.049,0,1.0501,0,6.495,0,0.052,0,-0.242,1,0,1,1.2573,1,-0.242,1,0,
PS114,032_02,4.5257,79.7395,22,10,0.04,0,0.014,0,1,0,0.04,0,0.014,0,0.163,0,0.006,0,0.9598,0,0.156,0,0.006,0,0.01,0,0.006,0,0.7291,0,0.007,0,0.004,0,1.52,0,0,0,1.0501,0,1.596,0,0,0,-0.24,1,0.003,1,1.2573,1,-0.24,1,0.003,
PS114,032_02,4.5257,79.7395,15,43,4.93,0,0.042,0,1,0,4.93,0,0.042,0,0.489,0,0.002,0,0.9598,0,0.469,0,0.002,0,0.106,0,0.002,0,0.7291,0,0.077,0,0.002,0,3.66,0,0.028,0,1.0501,0,3.843,0,0.03,0,1.066,1,0.013,1,1.2573,1,1.34,1,0.017,
PS114,032_02,4.5257,79.7395,8,75,11.315,0,0.007,0,1,0,11.315,0,0.007,0,0.773,0,0.004,0,0.9598,0,0.741,0,0.003,0,0.123,0,0.001,0,0.7291,0,0.089,0,0.001,0,4.48,0,0,0,1.0501,0,4.704,0,0,0,0.086,1,0.011,1,1.2573,1,0.108,1,0.014,
PS114,032_02,4.5257,79.7395,5,100,11.435,0,0.021,0,1,0,11.435,0,0.021,0,0.778,0,0.002,0,0.9598,0,0.746,0,0.002,0,0.08,0,0.001,0,0.7291,0,0.058,0,0.001,0,4.435,0,0.035,0,1.0501,0,4.657,0,0.037,0,-0.045,1,0.002,1,1.2573,1,-0.045,1,0.002,
PS114,032_02,4.5257,79.7395,3,250,12.21,0,0.057,0,1,0,12.21,0,0.057,0,0.816,0,0.002,0,0.9598,0,0.783,0,0.002,0,0.01,0,0.001,0,0.7291,0,0.007,0,0.001,0,4.625,0,0.021,0,1.0501,0,4.857,0,0.022,0,-0.251,1,0.001,1,1.2573,1,-0.251,1,0.001,
PS114,032_02,4.5257,79.7395,2,500,11.965,0,0.007,0,1,0,11.965,0,0.007,0,0.802,0,0,0,0.9598,0,0.77,0,0,0,0.011,0,0.001,0,0.7291,0,0.008,0,0.001,0,4.695,0,0.007,0,1.0501,0,4.93,0,0.007,0,-0.239,1,0.001,1,1.2573,1,-0.239,1,0.001,
PS114,032_02,4.5257,79.7395,1,700,12.71,0,0.042,0,1,0,12.71,0,0.042,0,0.874,0,0.007,0,0.9598,0,0.839,0,0.007,0,0.008,0,0.001,0,0.7291,0,0.005,0,0.001,0,5.805,0,0.007,0,1.0501,0,6.096,0,0.007,0,-0.234,1,0.002,1,1.2573,1,-0.234,1,0.002,
PS114,032_06,4.6502,79.739,20,250,12.22,0,0.028,0,1,0,12.22,0,0.028,0,0.801,0,0.005,0,0.9598,0,0.768,0,0.005,0,0.013,0,0.002,0,0.7291,0,0.009,0,0.002,0,4.74,0,0.014,0,1.0501,0,4.977,0,0.015,0,-0.234,1,0.002,1,1.2573,1,-0.234,1,0.002,
PS114,032_06,4.6502,79.739,16,500,12.445,0,0.064,0,1,0,12.445,0,0.064,0,0.828,0,0.001,0,0.9598,0,0.795,0,0.001,0,0.013,0,0,0,0.7291,0,0.009,0,0,0,5.24,0,0.014,0,1.0501,0,5.502,0,0.015,0,-0.23,1,0.006,1,1.2573,1,-0.23,1,0.006,
PS114,032_06,4.6502,79.739,14,750,13.34,0,0.014,0,1,0,13.34,0,0.014,0,0.898,0,0.001,0,0.9598,0,0.862,0,0.001,0,0.004,0,0.001,0,0.7291,0,0.003,0,0.001,0,6.11,0,0.028,0,1.0501,0,6.416,0,0.03,0,-0.228,1,0.004,1,1.2573,1,-0.228,1,0.004,
PS114,032_06,4.6502,79.739,10,1000,13.53,0,0.028,0,1,0,13.53,0,0.028,0,0.923,0,0.004,0,0.9598,0,0.886,0,0.004,0,-0.001,0,0.001,0,0.7291,0,-0.001,0,0.001,0,7.305,0,0.035,0,1.0501,0,7.671,0,0.037,0,-0.225,1,0.001,1,1.2573,1,-0.225,1,0.001,
PS114,032_06,4.6502,79.739,8,1200,14.325,0,0.021,0,1,0,14.325,0,0.021,0,0.974,0,0.013,0,0.9598,0,0.934,0,0.013,0,-0.001,0,0.001,0,0.7291,0,-0.001,0,0.001,0,8.32,0,0.028,0,1.0501,0,8.737,0,0.03,0,-0.238,1,0.001,1,1.2573,1,-0.238,1,0.001,
PS114,032_06,4.6502,79.739,4,2000,15.32,0,0.028,0,1,0,15.32,0,0.028,0,1.041,0,0.004,0,0.9598,0,0.999,0,0.004,0,-0.002,0,0,0,0.7291,0,-0.002,0,0,0,11.84,0,0.028,0,1.0501,0,12.433,0,0.03,0,-0.225,1,0.001,1,1.2573,1,-0.225,1,0.001,
PS114,032_06,4.6502,79.739,1,2561,15.3,0,0.071,0,1,0,15.3,0,0.071,0,1.048,0,0.002,0,0.9598,0,1.005,0,0.002,0,0.002,0,0,0,0.7291,0,0.001,0,0,0,11.925,0,0.035,0,1.0501,0,12.522,0,0.037,0,-0.224,1,0.004,1,1.2573,1,-0.224,1,0.004,
PS114,033_01,5.1659,79.5988,22,10,-0.005,0,0.007,0,1,0,-0.005,0,0.007,0,0.152,0,0.001,0,0.9598,0,0.145,0,0.001,0,0.002,0,0.001,0,0.7291,0,0.001,0,0.001,0,1.03,0,0.014,0,1.0501,0,1.082,0,0.015,0,-0.257,1,0.005,1,1.2573,1,-0.257,1,0.005,
PS114,033_01,5.1659,79.5988,19,20,1.39,0,0,0,1,0,1.39,0,0,0,0.275,0,0.003,0,0.9598,0,0.264,0,0.003,0,0.019,0,0,0,0.7291,0,0.014,0,0,0,1.66,0,0.014,0,1.0501,0,1.743,0,0.015,0,-0.094,1,0.001,1,1.2573,1,-0.094,1,0.001,
PS114,033_01,5.1659,79.5988,8,75,6.485,0,0.007,0,1,0,6.485,0,0.007,0,0.583,0,0.003,0,0.9598,0,0.56,0,0.003,0,0.066,0,0.001,0,0.7291,0,0.048,0,0.001,0,3.825,0,0.007,0,1.0501,0,4.017,0,0.007,0,0.752,1,0.012,1,1.2573,1,0.945,1,0.015,
PS114,033_01,5.1659,79.5988,5,100,6.445,0,0.035,0,1,0,6.445,0,0.035,0,0.631,0,0.004,0,0.9598,0,0.605,0,0.003,0,0.192,0,0,0,0.7291,0,0.14,0,0,0,3.48,0,0.014,0,1.0501,0,3.654,0,0.015,0,2.198,1,0.015,1,1.2573,1,2.763,1,0.019,
PS114,033_01,5.1659,79.5988,3,250,12.065,0,0.021,0,1,0,12.065,0,0.021,0,0.815,0,0.006,0,0.9598,0,0.782,0,0.006,0,0.017,0,0.001,0,0.7291,0,0.012,0,0.001,0,4.745,0,0.021,0,1.0501,0,4.983,0,0.022,0,-0.222,1,0.032,1,1.2573,1,-0.222,1,0.032,
PS114,033_01,5.1659,79.5988,2,500,12.77,0,0.028,0,1,0,12.77,0,0.028,0,0.877,0,0.003,0,0.9598,0,0.842,0,0.003,0,0.003,0,0.001,0,0.7291,0,0.002,0,0.001,0,5.73,0,0.042,0,1.0501,0,6.017,0,0.045,0,-0.248,1,0.002,1,1.2573,1,-0.248,1,0.002,
PS114,033_01,5.1659,79.5988,1,700,12.85,0,0.014,0,1,0,12.85,0,0.014,0,0.896,0,0.008,0,0.9598,0,0.86,0,0.008,0,0.003,0,0.001,0,0.7291,0,0.002,0,0.001,0,6.105,0,0.007,0,1.0501,0,6.411,0,0.007,0,-0.25,1,0.004,1,1.2573,1,-0.25,1,0.004,
PS114,034_01,-0.07,81.1623,24,10,-0.03,0,0,0,1,0,-0.03,0,0,0,0.149,0,0.001,0,0.9429,0,0.14,0,0.001,0,-0.012,0,0,0,1.1754,0,-0.012,0,0,0,0.81,0,0.014,0,1.037,0,0.84,0,0.015,0,-0.021,1,0.001,1,1.2448,1,-0.021,1,0.001,
PS114,034_01,-0.07,81.1623,22,25,0.275,0,0.007,0,1,0,0.275,0,0.007,0,0.196,0,0,0,0.9429,0,0.185,0,0,0,-0.003,0,0.001,0,1.1754,0,-0.003,0,0.001,0,0.795,0,0.007,0,1.037,0,0.824,0,0.007,0,-0.043,1,0.001,1,1.2448,1,-0.043,1,0.001,
PS114,034_01,-0.07,81.1623,20,50,9,0,0.028,0,1,0,9,0,0.028,0,0.702,0,0.01,0,0.9429,0,0.662,0,0.009,0,0.112,0,0.001,0,1.1754,0,0.131,0,0.001,0,3.88,0,0,0,1.037,0,4.023,0,0,0,0.227,1,0.004,1,1.2448,1,0.283,1,0.005,
PS114,034_01,-0.07,81.1623,17,80,10.785,0,0.035,0,1,0,10.785,0,0.035,0,0.78,0,0,0,0.9429,0,0.735,0,0,0,0.129,0,0,0,1.1754,0,0.152,0,0,0,4.575,0,0.064,0,1.037,0,4.744,0,0.066,0,-0.01,1,0.001,1,1.2448,1,-0.01,1,0.001,
PS114,034_01,-0.07,81.1623,16,100,11.415,0,0.035,0,1,0,11.415,0,0.035,0,0.803,0,0,0,0.9429,0,0.757,0,0,0,0.065,0,0.001,0,1.1754,0,0.076,0,0.001,0,4.55,0,0,0,1.037,0,4.718,0,0,0,-0.079,1,0.001,1,1.2448,1,-0.079,1,0.001,
PS114,034_01,-0.07,81.1623,14,200,11.975,0,0.007,0,1,0,11.975,0,0.007,0,0.833,0,0.001,0,0.9429,0,0.785,0,0.001,0,0.002,0,0.002,0,1.1754,0,0.002,0,0.002,0,4.59,0,0.042,0,1.037,0,4.76,0,0.044,0,-0.069,1,0.001,1,1.2448,1,-0.069,1,0.001,
PS114,034_01,-0.07,81.1623,12,300,12.005,0,0.021,0,1,0,12.005,0,0.021,0,0.844,0,0,0,0.9429,0,0.796,0,0,0,-0.009,0,0,0,1.1754,0,-0.009,0,0,0,4.855,0,0.064,0,1.037,0,5.035,0,0.066,0,-0.081,1,0.004,1,1.2448,1,-0.081,1,0.004,
PS114,034_01,-0.07,81.1623,10,412,12.67,0,0.028,0,1,0,12.67,0,0.028,0,0.89,0,0.001,0,0.9429,0,0.839,0,0.001,0,-0.016,0,0.001,0,1.1754,0,-0.016,0,0.001,0,5.56,0,0,0,1.037,0,5.766,0,0,0,-0.081,1,0.001,1,1.2448,1,-0.081,1,0.001,
PS114,034_01,-0.07,81.1623,8,500,12.815,0,0.035,0,1,0,12.815,0,0.035,0,0.905,0,0.004,0,0.9429,0,0.853,0,0.003,0,-0.015,0,0,0,1.1754,0,-0.015,0,0,0,5.825,0,0.007,0,1.037,0,6.04,0,0.007,0,-0.071,1,0,1,1.2448,1,-0.071,1,0,
PS114,034_01,-0.07,81.1623,6,600,12.88,0,0.014,0,1,0,12.88,0,0.014,0,0.915,0,0.004,0,0.9429,0,0.862,0,0.003,0,-0.018,0,0.001,0,1.1754,0,-0.018,0,0.001,0,6.075,0,0.021,0,1.037,0,6.3,0,0.022,0,-0.074,1,0.001,1,1.2448,1,-0.074,1,0.001,
PS114,034_01,-0.07,81.1623,4,700,12.715,0,0.021,0,1,0,12.715,0,0.021,0,0.918,0,0.001,0,0.9429,0,0.866,0,0.001,0,-0.018,0,0,0,1.1754,0,-0.018,0,0,0,6.3,0,0.028,0,1.037,0,6.533,0,0.029,0,-0.079,1,0.001,1,1.2448,1,-0.079,1,0.001,
PS114,034_01,-0.07,81.1623,2,800,12.78,0,0.042,0,1,0,12.78,0,0.042,0,0.919,0,0,0,0.9429,0,0.866,0,0,0,-0.019,0,0,0,1.1754,0,-0.019,0,0,0,6.47,0,0.014,0,1.037,0,6.709,0,0.015,0,-0.07,1,0,1,1.2448,1,-0.07,1,0,
PS114,035_01,-0.0075,81.0119,24,10,0.05,0,0,0,1,0,0.05,0,0,0,0.169,0,0.001,0,0.9429,0,0.159,0,0.001,0,-0.006,0,0.004,0,1.1754,0,-0.006,0,0.004,0,1.11,0,0.028,0,1.037,0,1.151,0,0.029,0,0.041,1,0,1,1.2448,1,0.051,1,0,
PS114,035_01,-0.0075,81.0119,22,20,0,0,0,0,1,0,0,0,0,0,0.149,0,0.001,0,0.9429,0,0.14,0,0.001,0,-0.012,0,0.002,0,1.1754,0,-0.012,0,0.002,0,0.845,0,0.007,0,1.037,0,0.876,0,0.007,0,0.039,1,0.001,1,1.2448,1,0.048,1,0.001,
PS114,035_01,-0.0075,81.0119,20,35,4.225,0,0.007,0,1,0,4.225,0,0.007,0,0.478,0,0.002,0,0.9429,0,0.45,0,0.002,0,0.058,0,0.001,0,1.1754,0,0.068,0,0.002,0,1.255,0,0.021,0,1.037,0,1.301,0,0.022,0,0.889,1,0.009,1,1.2448,1,1.106,1,0.011,
PS114,035_01,-0.0075,81.0119,18,50,-0.035,0,0.007,0,1,0,-0.035,0,0.007,0,0.136,0,0.003,0,0.9429,0,0.128,0,0.003,0,-0.015,0,0.001,0,1.1754,0,-0.015,0,0.001,0,0.495,0,0.007,0,1.037,0,0.513,0,0.007,0,0.146,1,0.009,1,1.2448,1,0.181,1,0.011,
PS114,035_01,-0.0075,81.0119,16,80,10.725,0,0.007,0,1,0,10.725,0,0.007,0,0.788,0,0.004,0,0.9429,0,0.743,0,0.003,0,0.098,0,0,0,1.1754,0,0.115,0,0,0,4.135,0,0.007,0,1.037,0,4.288,0,0.007,0,0.375,1,0.004,1,1.2448,1,0.466,1,0.004,
PS114,035_01,-0.0075,81.0119,14,200,11.9,0,0.057,0,1,0,11.9,0,0.057,0,0.831,0,0,0,0.9429,0,0.784,0,0,0,-0.003,0,0.004,0,1.1754,0,-0.003,0,0.004,0,4.66,0,0.071,0,1.037,0,4.832,0,0.073,0,-0.062,1,0.001,1,1.2448,1,-0.062,1,0.001,
PS114,035_01,-0.0075,81.0119,12,300,12.23,0,0.014,0,1,0,12.23,0,0.014,0,0.858,0,0.006,0,0.9429,0,0.809,0,0.005,0,-0.009,0,0.001,0,1.1754,0,-0.009,0,0.001,0,5.145,0,0.007,0,1.037,0,5.335,0,0.007,0,-0.067,1,0.001,1,1.2448,1,-0.067,1,0.001,
PS114,035_01,-0.0075,81.0119,10,400,12.545,0,0.007,0,1,0,12.545,0,0.007,0,0.885,0,0.004,0,0.9429,0,0.834,0,0.003,0,-0.013,0,0,0,1.1754,0,-0.013,0,0,0,5.595,0,0.007,0,1.037,0,5.802,0,0.007,0,-0.064,1,0.001,1,1.2448,1,-0.064,1,0.001,
PS114,035_01,-0.0075,81.0119,8,500,12.78,0,0.071,0,1,0,12.78,0,0.071,0,0.908,0,0.001,0,0.9429,0,0.856,0,0.001,0,-0.014,0,0.001,0,1.1754,0,-0.014,0,0.001,0,5.875,0,0.021,0,1.037,0,6.092,0,0.022,0,-0.065,1,0.001,1,1.2448,1,-0.065,1,0.001,
PS114,035_01,-0.0075,81.0119,6,600,12.895,0,0.007,0,1,0,12.895,0,0.007,0,0.922,0,0.001,0,0.9429,0,0.869,0,0.001,0,-0.015,0,0,0,1.1754,0,-0.015,0,0,0,6.16,0,0.028,0,1.037,0,6.388,0,0.029,0,-0.061,1,0.002,1,1.2448,1,-0.061,1,0.002,
PS114,035_01,-0.0075,81.0119,4,700,13.06,0,0.057,0,1,0,13.06,0,0.057,0,0.937,0,0.01,0,0.9429,0,0.883,0,0.009,0,-0.017,0,0,0,1.1754,0,-0.017,0,0,0,6.49,0,0.028,0,1.037,0,6.73,0,0.029,0,-0.063,1,0.001,1,1.2448,1,-0.063,1,0.001,
PS114,035_01,-0.0075,81.0119,2,800,12.97,0,0.071,0,1,0,12.97,0,0.071,0,0.935,0,0.002,0,0.9429,0,0.881,0,0.002,0,-0.021,0,0,0,1.1754,0,-0.021,0,0,0,6.86,0,0.113,0,1.037,0,7.114,0,0.117,0,-0.077,1,0.005,1,1.2448,1,-0.077,1,0.005,
PS114,036_02,-0.1402,80.8552,23,10,2.255,0,0.007,0,1,0,2.255,0,0.007,0,0.389,0,0.001,0,0.9429,0,0.366,0,0.001,0,0.016,0,0.001,0,1.1754,0,0.018,0,0.001,0,3.07,0,0.014,0,1.037,0,3.184,0,0.015,0,0.081,1,0.002,1,1.2448,1,0.1,1,0.003,
PS114,036_02,-0.1402,80.8552,20,20,5.23,0,0.014,0,1,0,5.23,0,0.014,0,0.537,0,0.007,0,0.9429,0,0.506,0,0.007,0,0.038,0,0.001,0,1.1754,0,0.044,0,0.001,0,3.385,0,0.021,0,1.037,0,3.51,0,0.022,0,0.156,1,0.001,1,1.2448,1,0.194,1,0.001,
PS114,036_02,-0.1402,80.8552,18,30,5.29,0,0,0,1,0,5.29,0,0,0,0.536,0,0.002,0,0.9429,0,0.505,0,0.002,0,0.036,0,0.001,0,1.1754,0,0.042,0,0.001,0,3.425,0,0.078,0,1.037,0,3.552,0,0.081,0,0.097,1,0.002,1,1.2448,1,0.12,1,0.003,
PS114,036_02,-0.1402,80.8552,16,40,5.725,0,0.007,0,1,0,5.725,0,0.007,0,0.555,0,0,0,0.9429,0,0.523,0,0,0,0.045,0,0,0,1.1754,0,0.053,0,0,0,2.995,0,0.007,0,1.037,0,3.106,0,0.007,0,0.486,1,0.006,1,1.2448,1,0.605,1,0.007,
PS114,036_02,-0.1402,80.8552,15,50,7.72,0,0.014,0,1,0,7.72,0,0.014,0,0.653,0,0.004,0,0.9429,0,0.615,0,0.003,0,0.024,0,0,0,1.1754,0,0.028,0,0,0,4.1,0,0.014,0,1.037,0,4.252,0,0.015,0,0.061,1,0.001,1,1.2448,1,0.076,1,0.002,
PS114,036_02,-0.1402,80.8552,14,75,9.295,0,0.035,0,1,0,9.295,0,0.035,0,0.725,0,0.001,0,0.9429,0,0.684,0,0.001,0,0.089,0,0.001,0,1.1754,0,0.104,0,0.001,0,4.295,0,0.007,0,1.037,0,4.454,0,0.007,0,0.015,1,0.004,1,1.2448,1,0.019,1,0.005,
PS114,036_02,-0.1402,80.8552,12,100,10.775,0,0.021,0,1,0,10.775,0,0.021,0,0.798,0,0.002,0,0.9429,0,0.752,0,0.002,0,0.007,0,0.001,0,1.1754,0,0.008,0,0.001,0,4.72,0,0.014,0,1.037,0,4.895,0,0.015,0,-0.059,1,0.001,1,1.2448,1,-0.059,1,0.001,
PS114,036_02,-0.1402,80.8552,11,256,11.79,0,0.014,0,1,0,11.79,0,0.014,0,0.833,0,0.002,0,0.9429,0,0.785,0,0.002,0,0.003,0,0.005,0,1.1754,0,0.003,0,0.006,0,4.545,0,0.021,0,1.037,0,4.713,0,0.022,0,-0.053,1,0.001,1,1.2448,1,-0.053,1,0.001,
PS114,036_02,-0.1402,80.8552,10,300,11.91,0,0,0,1,0,11.91,0,0,0,0.843,0,0.005,0,0.9429,0,0.794,0,0.005,0,-0.006,0,0,0,1.1754,0,-0.006,0,0,0,4.705,0,0.007,0,1.037,0,4.879,0,0.007,0,-0.059,1,0.002,1,1.2448,1,-0.059,1,0.002,
PS114,036_02,-0.1402,80.8552,9,400,12.535,0,0.021,0,1,0,12.535,0,0.021,0,0.899,0,0.004,0,0.9429,0,0.848,0,0.004,0,-0.014,0,0,0,1.1754,0,-0.014,0,0,0,5.5,0,0,0,1.037,0,5.703,0,0,0,-0.058,1,0.001,1,1.2448,1,-0.058,1,0.001,
PS114,036_02,-0.1402,80.8552,8,500,12.575,0,0.035,0,1,0,12.575,0,0.035,0,0.91,0,0,0,0.9429,0,0.858,0,0,0,-0.015,0,0.002,0,1.1754,0,-0.015,0,0.002,0,5.66,0,0,0,1.037,0,5.869,0,0,0,-0.073,1,0,1,1.2448,1,-0.073,1,0,
PS114,036_02,-0.1402,80.8552,7,750,12.58,0,0.014,0,1,0,12.58,0,0.014,0,0.932,0,0.003,0,0.9429,0,0.879,0,0.003,0,-0.015,0,0,0,1.1754,0,-0.015,0,0,0,6.03,0,0.014,0,1.037,0,6.253,0,0.015,0,-0.064,1,0.001,1,1.2448,1,-0.064,1,0.001,
PS114,036_02,-0.1402,80.8552,6,1000,12.965,0,0.021,0,1,0,12.965,0,0.021,0,0.96,0,0.004,0,0.9429,0,0.905,0,0.003,0,-0.016,0,0,0,1.1754,0,-0.016,0,0,0,6.905,0,0.021,0,1.037,0,7.16,0,0.022,0,-0.067,1,0.002,1,1.2448,1,-0.067,1,0.002,
PS114,036_02,-0.1402,80.8552,5,1500,14.195,0,0.007,0,1,0,14.195,0,0.007,0,1.037,0,0.004,0,0.9429,0,0.978,0,0.004,0,-0.017,0,0.001,0,1.1754,0,-0.017,0,0.001,0,9.605,0,0.007,0,1.037,0,9.96,0,0.007,0,-0.067,1,0.002,1,1.2448,1,-0.067,1,0.002,
PS114,036_02,-0.1402,80.8552,4,2000,14.66,0,0.028,0,1,0,14.66,0,0.028,0,1.067,0,0.004,0,0.9429,0,1.006,0,0.003,0,-0.013,0,0.004,0,1.1754,0,-0.013,0,0.004,0,10.615,0,0.007,0,1.037,0,11.008,0,0.007,0,-0.062,1,0.001,1,1.2448,1,-0.062,1,0.001,
PS114,036_02,-0.1402,80.8552,3,2500,15.445,0,0.035,0,1,0,15.445,0,0.035,0,1.074,0,0.002,0,0.9429,0,1.012,0,0.002,0,-0.011,0,0.001,0,1.1754,0,-0.011,0,0.001,0,10.96,0,0.042,0,1.037,0,11.365,0,0.044,0,-0.032,1,0.001,1,1.2448,1,-0.032,1,0.001,
PS114,036_02,-0.1402,80.8552,2,3000,15.12,0,0.042,0,1,0,15.12,0,0.042,0,1.07,0,0.004,0,0.9429,0,1.008,0,0.003,0,-0.014,0,0.001,0,1.1754,0,-0.014,0,0.001,0,11.16,0,0.028,0,1.037,0,11.573,0,0.029,0,-0.065,1,0.006,1,1.2448,1,-0.065,1,0.006,
PS114,036_02,-0.1402,80.8552,1,3127,14.86,0,0.028,0,1,0,14.86,0,0.028,0,1.068,0,0.008,0,0.9429,0,1.007,0,0.008,0,-0.015,0,0,0,1.1754,0,-0.015,0,0,0,11.105,0,0.049,0,1.037,0,11.516,0,0.051,0,-0.062,1,0.001,1,1.2448,1,-0.062,1,0.001,
PS114,037_01,0.0137,80.6674,24,10,3.235,0,0.007,0,1,0,3.235,0,0.007,0,0.434,0,0.001,0,0.9429,0,0.409,0,0.001,0,0.03,0,0.001,0,1.0462,0,0.031,0,0.001,0,3.045,0,0.021,0,1.0325,0,3.144,0,0.022,0,0.039,1,0.003,1,0.9441,1,0.037,1,0.003,
PS114,037_01,0.0137,80.6674,23,25,4.965,0,0.007,0,1,0,4.965,0,0.007,0,0.518,0,0,0,0.9429,0,0.488,0,0,0,0.045,0,0.001,0,1.0462,0,0.047,0,0.001,0,3.45,0,0.042,0,1.0325,0,3.562,0,0.044,0,-0.004,1,0,1,0.9441,1,-0.004,1,0,
PS114,037_01,0.0137,80.6674,21,50,8.825,0,0.021,0,1,0,8.825,0,0.021,0,0.707,0,0.004,0,0.9429,0,0.666,0,0.003,0,0.032,0,0.001,0,1.0462,0,0.033,0,0.001,0,4.33,0,0.042,0,1.0325,0,4.471,0,0.044,0,0.075,1,0.001,1,0.9441,1,0.071,1,0.001,
PS114,037_01,0.0137,80.6674,19,75,8.15,0,0.028,0,1,0,8.15,0,0.028,0,0.707,0,0,0,0.9429,0,0.667,0,0,0,0.246,0,0,0,1.0462,0,0.257,0,0,0,3.315,0,0.007,0,1.0325,0,3.423,0,0.007,0,1.598,1,0.021,1,0.9441,1,1.508,1,0.019,
PS114,037_01,0.0137,80.6674,18,100,10.92,0,0.014,0,1,0,10.92,0,0.014,0,0.792,0,0.004,0,0.9429,0,0.747,0,0.004,0,0.333,0,0.001,0,1.0462,0,0.348,0,0.001,0,3.73,0,0.014,0,1.0325,0,3.851,0,0.015,0,0.758,1,0.004,1,0.9441,1,0.716,1,0.004,
PS114,037_01,0.0137,80.6674,15,200,11.98,0,0.042,0,1,0,11.98,0,0.042,0,0.836,0,0.009,0,0.9429,0,0.788,0,0.009,0,0.013,0,0.001,0,1.0462,0,0.014,0,0.001,0,4.64,0,0.042,0,1.0325,0,4.791,0,0.044,0,-0.049,1,0.01,1,0.9441,1,-0.049,1,0.01,
PS114,037_01,0.0137,80.6674,13,380,12.2,0,0.014,0,1,0,12.2,0,0.014,0,0.851,0,0.004,0,0.9429,0,0.802,0,0.004,0,-0.001,0,0.001,0,1.0462,0,-0.001,0,0.001,0,5.155,0,0.007,0,1.0325,0,5.322,0,0.007,0,0.252,1,0.004,1,0.9441,1,0.237,1,0.003,
PS114,037_01,0.0137,80.6674,11,420,12.39,0,0.085,0,1,0,12.39,0,0.085,0,0.863,0,0.004,0,0.9429,0,0.814,0,0.004,0,-0.003,0,0,0,1.0462,0,-0.003,0,0,0,5.42,0,0.042,0,1.0325,0,5.596,0,0.044,0,-0.028,1,0.002,1,0.9441,1,-0.028,1,0.002,
PS114,037_01,0.0137,80.6674,9,500,12.685,0,0.007,0,1,0,12.685,0,0.007,0,0.895,0,0.006,0,0.9429,0,0.843,0,0.006,0,-0.005,0,0.001,0,1.0462,0,-0.005,0,0.001,0,5.76,0,0,0,1.0325,0,5.947,0,0,0,-0.039,1,0.001,1,0.9441,1,-0.039,1,0.001,
PS114,037_01,0.0137,80.6674,7,650,12.855,0,0.035,0,1,0,12.855,0,0.035,0,0.91,0,0.003,0,0.9429,0,0.858,0,0.003,0,-0.009,0,0.001,0,1.0462,0,-0.009,0,0.001,0,6.145,0,0.021,0,1.0325,0,6.345,0,0.022,0,-0.058,1,0.001,1,0.9441,1,-0.058,1,0.001,
PS114,037_01,0.0137,80.6674,5,680,12.84,0,0.014,0,1,0,12.84,0,0.014,0,0.913,0,0.004,0,0.9429,0,0.86,0,0.003,0,-0.009,0,0,0,1.0462,0,-0.009,0,0,0,6.075,0,0.007,0,1.0325,0,6.272,0,0.007,0,-0.056,1,0,1,0.9441,1,-0.056,1,0,
PS114,037_01,0.0137,80.6674,4,705,13.19,0,0,0,1,0,13.19,0,0,0,0.939,0,0.004,0,0.9429,0,0.885,0,0.004,0,-0.008,0,0,0,1.0462,0,-0.008,0,0,0,6.38,0,0,0,1.0325,0,6.587,0,0,0,-0.054,1,0,1,0.9441,1,-0.054,1,0,
PS114,037_01,0.0137,80.6674,2,800,13.575,0,0.035,0,1,0,13.575,0,0.035,0,0.965,0,0.001,0,0.9429,0,0.909,0,0.001,0,-0.006,0,0,0,1.0462,0,-0.006,0,0,0,6.965,0,0.021,0,1.0325,0,7.191,0,0.022,0,-0.05,1,0.003,1,0.9441,1,-0.05,1,0.003,
PS114,038_01,0.0442,80.4876,18,10,0.68,0,0,0,1,0,0.68,0,0,0,0.282,0,0.004,0,0.9429,0,0.265,0,0.003,0,0.01,0,0.001,0,1.0462,0,0.01,0,0.001,0,2.515,0,0.021,0,1.0325,0,2.597,0,0.022,0,0.027,1,0.001,1,0.9441,1,0.025,1,0.001,
PS114,038_01,0.0442,80.4876,17,25,-0.065,0,0.007,0,1,0,-0.065,0,0.007,0,0.131,0,0.004,0,0.9429,0,0.124,0,0.004,0,-0.008,0,0,0,1.0462,0,-0.008,0,0,0,0.82,0,0.014,0,1.0325,0,0.847,0,0.015,0,0.047,1,0.001,1,0.9441,1,0.044,1,0.001,
PS114,038_01,0.0442,80.4876,16,50,4.325,0,0.007,0,1,0,4.325,0,0.007,0,0.48,0,0.001,0,0.9429,0,0.452,0,0.001,0,0.08,0,0.001,0,1.0462,0,0.084,0,0.001,0,1.03,0,0.071,0,1.0325,0,1.063,0,0.073,0,1.408,1,0.017,1,0.9441,1,1.329,1,0.016,
PS114,038_01,0.0442,80.4876,15,80,7.775,0,0.035,0,1,0,7.775,0,0.035,0,0.707,0,0,0,0.9429,0,0.667,0,0,0,0.191,0,0,0,1.0462,0,0.2,0,0,0,2.56,0,0,0,1.0325,0,2.643,0,0,0,1.933,1,0.009,1,0.9441,1,1.825,1,0.009,
PS114,038_01,0.0442,80.4876,14,100,11.51,0,0.014,0,1,0,11.51,0,0.014,0,0.827,0,0.001,0,0.9429,0,0.779,0,0.001,0,0.374,0,0.001,0,1.0462,0,0.391,0,0.001,0,3.63,0,0,0,1.0325,0,3.748,0,0,0,0.833,1,0.013,1,0.9441,1,0.786,1,0.012,
PS114,038_01,0.0442,80.4876,13,150,12.215,0,0.035,0,1,0,12.215,0,0.035,0,0.837,0,0.001,0,0.9429,0,0.789,0,0.001,0,0.013,0,0.002,0,1.0462,0,0.013,0,0.002,0,4.385,0,0.021,0,1.0325,0,4.527,0,0.022,0,-0.002,1,0.015,1,0.9441,1,-0.002,1,0.014,
PS114,038_01,0.0442,80.4876,12,200,11.955,0,0.007,0,1,0,11.955,0,0.007,0,0.83,0,0.001,0,0.9429,0,0.782,0,0.001,0,0.005,0,0,0,1.0462,0,0.005,0,0,0,4.535,0,0.021,0,1.0325,0,4.682,0,0.022,0,-0.052,1,0.003,1,0.9441,1,-0.052,1,0.003,
PS114,038_01,0.0442,80.4876,11,250,11.855,0,0.007,0,1,0,11.855,0,0.007,0,0.829,0,0.003,0,0.9429,0,0.782,0,0.003,0,0.004,0,0,0,1.0462,0,0.004,0,0,0,4.525,0,0.021,0,1.0325,0,4.672,0,0.022,0,-0.042,1,0.003,1,0.9441,1,-0.042,1,0.003,
PS114,038_01,0.0442,80.4876,10,300,11.885,0,0.021,0,1,0,11.885,0,0.021,0,0.827,0,0.001,0,0.9429,0,0.78,0,0.001,0,-0.001,0,0.001,0,1.0462,0,-0.001,0,0.001,0,4.615,0,0.049,0,1.0325,0,4.765,0,0.051,0,-0.054,1,0.001,1,0.9441,1,-0.054,1,0.001,
PS114,038_01,0.0442,80.4876,9,350,12.035,0,0.035,0,1,0,12.035,0,0.035,0,0.839,0,0.004,0,0.9429,0,0.791,0,0.003,0,0.001,0,0,0,1.0462,0,0.001,0,0,0,4.805,0,0.007,0,1.0325,0,4.961,0,0.007,0,-0.051,1,0.002,1,0.9441,1,-0.051,1,0.002,
PS114,038_01,0.0442,80.4876,8,400,12.405,0,0.035,0,1,0,12.405,0,0.035,0,0.863,0,0.004,0,0.9429,0,0.813,0,0.003,0,-0.004,0,0,0,1.0462,0,-0.004,0,0,0,5.305,0,0.021,0,1.0325,0,5.477,0,0.022,0,-0.056,1,0.002,1,0.9441,1,-0.056,1,0.002,
PS114,038_01,0.0442,80.4876,7,475,12.715,0,0.007,0,1,0,12.715,0,0.007,0,0.887,0,0.002,0,0.9429,0,0.836,0,0.002,0,-0.002,0,0.001,0,1.0462,0,-0.002,0,0.001,0,5.52,0,0.028,0,1.0325,0,5.699,0,0.029,0,-0.034,1,0.002,1,0.9441,1,-0.034,1,0.002,
PS114,038_01,0.0442,80.4876,6,500,12.745,0,0.007,0,1,0,12.745,0,0.007,0,0.902,0,0.002,0,0.9429,0,0.85,0,0.002,0,-0.001,0,0.001,0,1.0462,0,-0.001,0,0.001,0,5.54,0,0,0,1.0325,0,5.72,0,0,0,-0.029,1,0.003,1,0.9441,1,-0.029,1,0.003,
PS114,038_01,0.0442,80.4876,5,520,12.835,0,0.035,0,1,0,12.835,0,0.035,0,0.9,0,0.002,0,0.9429,0,0.848,0,0.002,0,-0.002,0,0,0,1.0462,0,-0.002,0,0,0,5.585,0,0.007,0,1.0325,0,5.766,0,0.007,0,-0.052,1,0.001,1,0.9441,1,-0.052,1,0.001,
PS114,038_01,0.0442,80.4876,4,600,12.8,0,0,0,1,0,12.8,0,0,0,0.905,0,0,0,0.9429,0,0.853,0,0,0,-0.009,0,0,0,1.0462,0,-0.009,0,0,0,6.01,0,0,0,1.0325,0,6.205,0,0,0,-0.056,1,0.001,1,0.9441,1,-0.056,1,0.001,
PS114,038_01,0.0442,80.4876,3,650,12.83,0,0,0,1,0,12.83,0,0,0,0.911,0,0.003,0,0.9429,0,0.859,0,0.003,0,-0.009,0,0.001,0,1.0462,0,-0.009,0,0.001,0,6.195,0,0.078,0,1.0325,0,6.396,0,0.08,0,-0.045,1,0.008,1,0.9441,1,-0.045,1,0.008,
PS114,038_01,0.0442,80.4876,2,700,12.9,0,0.057,0,1,0,12.9,0,0.057,0,0.919,0,0,0,0.9429,0,0.866,0,0,0,-0.011,0,0.001,0,1.0462,0,-0.011,0,0.001,0,6.25,0,0,0,1.0325,0,6.453,0,0,0,-0.048,1,0.008,1,0.9441,1,-0.048,1,0.008,
PS114,038_01,0.0442,80.4876,1,800,13.18,0,0,0,1,0,13.18,0,0,0,0.942,0,0.002,0,0.9429,0,0.888,0,0.002,0,-0.01,0,0,0,1.0462,0,-0.01,0,0,0,6.735,0,0.078,0,1.0325,0,6.954,0,0.08,0,-0.034,1,0.001,1,0.9441,1,-0.034,1,0.001,
PS114,039_01,0.0073,80.3345,24,10,-0.065,0,0.007,0,1,0,-0.065,0,0.007,0,0.096,0,0.003,0,0.9429,0,0.091,0,0.003,0,-0.01,0,0.002,0,1.0462,0,-0.01,0,0.002,0,0.18,0,0,0,1.0325,0,0.186,0,0,0,0.027,1,0.001,1,0.9441,1,0.025,1,0.001,
PS114,039_01,0.0073,80.3345,22,20,-0.06,0,0,0,1,0,-0.06,0,0,0,0.112,0,0,0,0.9429,0,0.106,0,0,0,-0.008,0,0.001,0,1.0462,0,-0.008,0,0.001,0,0.28,0,0.014,0,1.0325,0,0.289,0,0.015,0,0.049,1,0.005,1,0.9441,1,0.046,1,0.005,
PS114,039_01,0.0073,80.3345,20,50,7.405,0,0.021,0,1,0,7.405,0,0.021,0,0.728,0,0.006,0,0.9429,0,0.686,0,0.006,0,0.115,0,0,0,1.0462,0,0.12,0,0,0,1.42,0,0.028,0,1.0325,0,1.466,0,0.029,0,2.297,1,0.01,1,0.9441,1,2.169,1,0.009,
PS114,039_01,0.0073,80.3345,18,80,11.545,0,0.021,0,1,0,11.545,0,0.021,0,0.82,0,0.004,0,0.9429,0,0.773,0,0.003,0,0.102,0,0.001,0,1.0462,0,0.106,0,0.001,0,4.53,0,0,0,1.0325,0,4.677,0,0,0,0.139,1,0.028,1,0.9441,1,0.131,1,0.027,
PS114,039_01,0.0073,80.3345,16,150,11.965,0,0.064,0,1,0,11.965,0,0.064,0,0.836,0,0.001,0,0.9429,0,0.788,0,0.001,0,-0.004,0,0.001,0,1.0462,0,-0.004,0,0.001,0,4.775,0,0.021,0,1.0325,0,4.93,0,0.022,0,-0.051,1,0.006,1,0.9441,1,-0.051,1,0.006,
PS114,039_01,0.0073,80.3345,14,280,12.265,0,0.021,0,1,0,12.265,0,0.021,0,0.859,0,0,0,0.9429,0,0.81,0,0,0,-0.002,0,0,0,1.0462,0,-0.002,0,0,0,5.145,0,0.007,0,1.0325,0,5.312,0,0.007,0,-0.062,1,0.028,1,0.9441,1,-0.062,1,0.028,
PS114,039_01,0.0073,80.3345,12,380,12.705,0,0.007,0,1,0,12.705,0,0.007,0,0.886,0,0.001,0,0.9429,0,0.835,0,0.001,0,-0.007,0,0.001,0,1.0462,0,-0.007,0,0.001,0,5.7,0,0,0,1.0325,0,5.885,0,0,0,-0.019,1,0.004,1,0.9441,1,-0.019,1,0.004,
PS114,039_01,0.0073,80.3345,10,400,12.695,0,0.021,0,1,0,12.695,0,0.021,0,0.886,0,0,0,0.9429,0,0.835,0,0,0,-0.006,0,0.001,0,1.0462,0,-0.006,0,0.001,0,5.695,0,0.049,0,1.0325,0,5.88,0,0.051,0,-0.028,1,0.004,1,0.9441,1,-0.028,1,0.004,
PS114,039_01,0.0073,80.3345,8,500,12.73,0,0.057,0,1,0,12.73,0,0.057,0,0.9,0,0.001,0,0.9429,0,0.848,0,0.001,0,-0.006,0,0.001,0,1.0462,0,-0.006,0,0.001,0,5.925,0,0.021,0,1.0325,0,6.117,0,0.022,0,-0.029,1,0.004,1,0.9441,1,-0.029,1,0.004,
PS114,039_01,0.0073,80.3345,6,600,12.915,0,0.021,0,1,0,12.915,0,0.021,0,0.919,0,0.001,0,0.9429,0,0.866,0,0.001,0,-0.007,0,0.001,0,1.0462,0,-0.007,0,0.001,0,6.175,0,0.007,0,1.0325,0,6.376,0,0.007,0,-0.011,1,0.006,1,0.9441,1,-0.011,1,0.006,
PS114,039_01,0.0073,80.3345,4,700,12.98,0,0.014,0,1,0,12.98,0,0.014,0,0.921,0,0.006,0,0.9429,0,0.868,0,0.006,0,-0.009,0,0.001,0,1.0462,0,-0.009,0,0.001,0,6.675,0,0.106,0,1.0325,0,6.892,0,0.11,0,-0.029,1,0,1,0.9441,1,-0.029,1,0,
PS114,039_01,0.0073,80.3345,2,800,13.16,0,0.014,0,1,0,13.16,0,0.014,0,0.939,0,0.006,0,0.9429,0,0.885,0,0.005,0,-0.01,0,0,0,1.0462,0,-0.01,0,0,0,6.885,0,0.007,0,1.0325,0,7.109,0,0.007,0,-0.026,1,0.004,1,0.9441,1,-0.026,1,0.004,
PS114,040_03,0.1387,80.1592,24,5,2.26,0,0.014,0,1,0,2.26,0,0.014,0,0.408,0,0,0,0.9429,0,0.385,0,0,0,0.025,0,0.001,0,1.0462,0,0.026,0,0.001,0,3.69,0,0.014,0,1.0325,0,3.81,0,0.015,0,0.161,1,0.011,1,0.9441,1,0.152,1,0.011,
PS114,040_03,0.1387,80.1592,20,12,3.03,0,0,0,1,0,3.03,0,0,0,0.442,0,0.001,0,0.9429,0,0.416,0,0.001,0,0.029,0,0,0,1.0462,0,0.03,0,0,0,3.64,0,0.014,0,1.0325,0,3.758,0,0.015,0,0.094,1,0.006,1,0.9441,1,0.088,1,0.006,
PS114,040_03,0.1387,80.1592,18,25,4.195,0,0.007,0,1,0,4.195,0,0.007,0,0.479,0,0.001,0,0.9429,0,0.451,0,0.001,0,0.047,0,0,0,1.0462,0,0.049,0,0,0,3.42,0,0.042,0,1.0325,0,3.531,0,0.044,0,0.05,1,0.001,1,0.9441,1,0.047,1,0.001,
PS114,040_03,0.1387,80.1592,16,45,5.095,0,0.021,0,1,0,5.095,0,0.021,0,0.521,0,0.005,0,0.9429,0,0.491,0,0.005,0,0.045,0,0,0,1.0462,0,0.047,0,0,0,3.555,0,0.007,0,1.0325,0,3.67,0,0.007,0,-0.015,1,0.006,1,0.9441,1,-0.015,1,0.006,
PS114,040_03,0.1387,80.1592,15,60,1.375,0,0.007,0,1,0,1.375,0,0.007,0,0.279,0,0.002,0,0.9429,0,0.263,0,0.002,0,0.021,0,0,0,1.0462,0,0.022,0,0,0,1.345,0,0.007,0,1.0325,0,1.389,0,0.007,0,0.394,1,0.01,1,0.9441,1,0.372,1,0.009,
PS114,040_03,0.1387,80.1592,14,75,4.72,0,0.014,0,1,0,4.72,0,0.014,0,0.506,0,0.001,0,0.9429,0,0.477,0,0.001,0,0.061,0,0.001,0,1.0462,0,0.063,0,0.001,0,1.885,0,0.021,0,1.0325,0,1.946,0,0.022,0,1.027,1,0.008,1,0.9441,1,0.969,1,0.007,
PS114,040_03,0.1387,80.1592,13,100,8.505,0,0.021,0,1,0,8.505,0,0.021,0,0.722,0,0.001,0,0.9429,0,0.681,0,0.001,0,0.187,0,0,0,1.0462,0,0.196,0,0,0,3.615,0,0.007,0,1.0325,0,3.732,0,0.007,0,1.465,1,0.006,1,0.9441,1,1.383,1,0.006,
PS114,040_03,0.1387,80.1592,11,250,12.315,0,0.021,0,1,0,12.315,0,0.021,0,0.855,0,0.002,0,0.9429,0,0.806,0,0.002,0,0.005,0,0.001,0,1.0462,0,0.005,0,0.001,0,5.25,0,0.042,0,1.0325,0,5.42,0,0.044,0,0.022,1,0.025,1,0.9441,1,0.021,1,0.024,
PS114,040_03,0.1387,80.1592,10,300,12.59,0,0.014,0,1,0,12.59,0,0.014,0,0.864,0,0.02,0,0.9429,0,0.815,0,0.019,0,-0.001,0,0,0,1.0462,0,-0.001,0,0,0,5.57,0,0.014,0,1.0325,0,5.751,0,0.015,0,-0.019,1,0.002,1,0.9441,1,-0.019,1,0.002,
PS114,040_03,0.1387,80.1592,9,400,12.825,0,0.021,0,1,0,12.825,0,0.021,0,0.895,0,0,0,0.9429,0,0.844,0,0,0,-0.002,0,0.001,0,1.0462,0,-0.002,0,0.001,0,5.88,0,0,0,1.0325,0,6.071,0,0,0,0.005,1,0.003,1,0.9441,1,0.005,1,0.003,
PS114,040_03,0.1387,80.1592,8,500,12.955,0,0.021,0,1,0,12.955,0,0.021,0,0.9,0,0.003,0,0.9429,0,0.849,0,0.003,0,-0.003,0,0,0,1.0462,0,-0.003,0,0,0,6.075,0,0.007,0,1.0325,0,6.272,0,0.007,0,-0.024,1,0.006,1,0.9441,1,-0.024,1,0.006,
PS114,040_03,0.1387,80.1592,7,750,13.53,0,0.014,0,1,0,13.53,0,0.014,0,0.938,0,0.006,0,0.9429,0,0.884,0,0.005,0,-0.003,0,0.001,0,1.0462,0,-0.003,0,0.001,0,6.875,0,0.007,0,1.0325,0,7.098,0,0.007,0,0.017,1,0.006,1,0.9441,1,0.016,1,0.005,
PS114,040_03,0.1387,80.1592,6,1000,13.79,0,0.028,0,1,0,13.79,0,0.028,0,0.974,0,0.003,0,0.9429,0,0.918,0,0.003,0,-0.006,0,0,0,1.0462,0,-0.006,0,0,0,7.68,0,0.014,0,1.0325,0,7.929,0,0.015,0,0.01,1,0.007,1,0.9441,1,0.009,1,0.007,
PS114,040_03,0.1387,80.1592,5,1200,14.22,0,0,0,1,0,14.22,0,0,0,1.008,0,0.004,0,0.9429,0,0.95,0,0.004,0,-0.005,0,0.002,0,1.0462,0,-0.005,0,0.002,0,8.95,0,0.057,0,1.0325,0,9.241,0,0.058,0,0.046,1,0.049,1,0.9441,1,0.043,1,0.046,
PS114,040_03,0.1387,80.1592,4,2000,15.31,0,0.042,0,1,0,15.31,0,0.042,0,1.064,0,0.003,0,0.9429,0,1.003,0,0.003,0,-0.008,0,0,0,1.0462,0,-0.008,0,0,0,11.465,0,0.035,0,1.0325,0,11.837,0,0.037,0,0.144,1,0.052,1,0.9441,1,0.136,1,0.049,
PS114,040_03,0.1387,80.1592,3,2500,15.615,0,0.064,0,1,0,15.615,0,0.064,0,1.065,0,0.002,0,0.9429,0,1.004,0,0.002,0,-0.007,0,0.001,0,1.0462,0,-0.007,0,0.001,0,11.875,0,0.007,0,1.0325,0,12.261,0,0.007,0,-0.026,1,0.001,1,0.9441,1,-0.026,1,0.001,
PS114,040_03,0.1387,80.1592,2,3054,15.31,0,0.028,0,1,0,15.31,0,0.028,0,1.054,0,0,0,0.9429,0,0.994,0,0,0,-0.01,0,0,0,1.0462,0,-0.01,0,0,0,11.885,0,0.021,0,1.0325,0,12.271,0,0.022,0,-0.098,1,0.03,1,0.9441,1,-0.098,1,0.03,
PS114,040_03,0.1387,80.1592,1,3074,15.365,0,0.035,0,1,0,15.365,0,0.035,0,1.067,0,0.004,0,0.9429,0,1.006,0,0.003,0,-0.005,0,0.003,0,1.0462,0,-0.005,0,0.003,0,11.905,0,0.021,0,1.0325,0,12.292,0,0.022,0,-0.013,1,0.129,1,0.9441,1,-0.015,1,0.126,
PS114,041_01,-0.0091,79.8313,24,10,2.65,0,0,0,1,0,2.65,0,0,0,0.414,0,0.003,0,0.9429,0,0.39,0,0.003,0,0.03,0,0,0,1,0,0.03,0,0,0,3.3,0,0.042,0,1.0197,0,3.365,0,0.043,0,0.043,1,0.001,1,0.9575,1,0.041,1,0.001,
PS114,041_01,-0.0091,79.8313,23,30,4.265,0,0.021,0,1,0,4.265,0,0.021,0,0.492,0,0,0,0.9429,0,0.464,0,0,0,0.047,0,0,0,1,0,0.047,0,0,0,3.175,0,0.021,0,1.0197,0,3.237,0,0.022,0,0.055,1,0,1,0.9575,1,0.053,1,0,
PS114,041_01,-0.0091,79.8313,22,50,4.615,0,0.021,0,1,0,4.615,0,0.021,0,0.497,0,0.002,0,0.9429,0,0.468,0,0.002,0,0.045,0,0,0,1,0,0.045,0,0,0,2.965,0,0.007,0,1.0197,0,3.023,0,0.007,0,0.11,1,0.001,1,0.9575,1,0.105,1,0.001,
PS114,041_01,-0.0091,79.8313,20,100,9.98,0,0.014,0,1,0,9.98,0,0.014,0,0.754,0,0.001,0,0.9429,0,0.71,0,0.001,0,0.008,0,0,0,1,0,0.008,0,0,0,4.96,0,0.014,0,1.0197,0,5.058,0,0.014,0,-0.015,1,0.001,1,0.9575,1,-0.015,1,0.001,
PS114,041_01,-0.0091,79.8313,18,200,12.23,0,0.042,0,1,0,12.23,0,0.042,0,0.847,0,0,0,0.9429,0,0.799,0,0,0,-0.002,0,0.001,0,1,0,-0.002,0,0.001,0,5.235,0,0.007,0,1.0197,0,5.338,0,0.007,0,-0.038,1,0.001,1,0.9575,1,-0.038,1,0.001,
PS114,041_01,-0.0091,79.8313,16,275,12.005,0,0.035,0,1,0,12.005,0,0.035,0,0.831,0,0.003,0,0.9429,0,0.784,0,0.003,0,0.002,0,0,0,1,0,0.002,0,0,0,4.815,0,0.007,0,1.0197,0,4.91,0,0.007,0,-0.014,1,0,1,0.9575,1,-0.014,1,0,
PS114,041_01,-0.0091,79.8313,14,325,12.46,0,0.014,0,1,0,12.46,0,0.014,0,0.866,0,0,0,0.9429,0,0.817,0,0,0,-0.001,0,0,0,1,0,-0.001,0,0,0,5.535,0,0.035,0,1.0197,0,5.644,0,0.036,0,-0.021,1,0.001,1,0.9575,1,-0.021,1,0.001,
PS114,041_01,-0.0091,79.8313,12,375,12.755,0,0.049,0,1,0,12.755,0,0.049,0,0.884,0,0.004,0,0.9429,0,0.833,0,0.003,0,-0.003,0,0,0,1,0,-0.003,0,0,0,5.78,0,0.071,0,1.0197,0,5.894,0,0.072,0,-0.029,1,0.003,1,0.9575,1,-0.029,1,0.003,
PS114,041_01,-0.0091,79.8313,10,400,12.705,0,0.007,0,1,0,12.705,0,0.007,0,0.888,0,0.001,0,0.9429,0,0.837,0,0.001,0,-0.005,0,0.001,0,1,0,-0.005,0,0.001,0,5.86,0,0.085,0,1.0197,0,5.975,0,0.087,0,-0.028,1,0.001,1,0.9575,1,-0.028,1,0.001,
PS114,041_01,-0.0091,79.8313,8,500,12.7,0,0.028,0,1,0,12.7,0,0.028,0,0.896,0,0,0,0.9429,0,0.845,0,0,0,-0.008,0,0,0,1,0,-0.008,0,0,0,6.165,0,0.007,0,1.0197,0,6.286,0,0.007,0,-0.036,1,0.001,1,0.9575,1,-0.036,1,0.001,
PS114,041_01,-0.0091,79.8313,6,600,12.755,0,0.064,0,1,0,12.755,0,0.064,0,0.903,0,0.001,0,0.9429,0,0.851,0,0.001,0,-0.007,0,0,0,1,0,-0.007,0,0,0,6.23,0,0.028,0,1.0197,0,6.353,0,0.029,0,-0.022,1,0.001,1,0.9575,1,-0.022,1,0.001,
PS114,041_01,-0.0091,79.8313,4,700,12.945,0,0.021,0,1,0,12.945,0,0.021,0,0.915,0,0.002,0,0.9429,0,0.862,0,0.002,0,-0.007,0,0,0,1,0,-0.007,0,0,0,6.565,0,0.007,0,1.0197,0,6.694,0,0.007,0,-0.023,1,0.003,1,0.9575,1,-0.023,1,0.003,
PS114,041_01,-0.0091,79.8313,2,800,13.01,0,0.042,0,1,0,13.01,0,0.042,0,0.925,0,0.004,0,0.9429,0,0.872,0,0.003,0,-0.009,0,0,0,1,0,-0.009,0,0,0,6.84,0,0,0,1.0197,0,6.975,0,0,0,-0.042,1,0.001,1,0.9575,1,-0.042,1,0.001,
PS114,042_01,-0.0184,79.6645,23,10,-0.15,0,0,0,1,0,-0.15,0,0,0,0.216,0,0.002,0,0.9429,0,0.203,0,0.002,0,0.006,0,0.001,0,1,0,0.006,0,0.001,0,1.645,0,0.007,0,1.0197,0,1.677,0,0.007,0,-0.065,1,0.006,1,0.9575,1,-0.065,1,0.006,
PS114,042_01,-0.0184,79.6645,22,25,3.125,0,0.007,0,1,0,3.125,0,0.007,0,0.42,0,0.004,0,0.9429,0,0.396,0,0.004,0,0.033,0,0.001,0,1,0,0.033,0,0.001,0,2.09,0,0,0,1.0197,0,2.131,0,0,0,0.534,1,0.003,1,0.9575,1,0.511,1,0.003,
PS114,042_01,-0.0184,79.6645,21,30,3.38,0,0,0,1,0,3.38,0,0,0,0.43,0,0.001,0,0.9429,0,0.405,0,0.001,0,0.038,0,0.001,0,1,0,0.038,0,0.001,0,2.135,0,0.007,0,1.0197,0,2.177,0,0.007,0,0.684,1,0.004,1,0.9575,1,0.655,1,0.004,
PS114,042_01,-0.0184,79.6645,20,50,3.05,0,0,0,1,0,3.05,0,0,0,0.391,0,0.001,0,0.9429,0,0.369,0,0.001,0,0.038,0,0.001,0,1,0,0.038,0,0.001,0,1.735,0,0.007,0,1.0197,0,1.769,0,0.007,0,0.554,1,0.001,1,0.9575,1,0.53,1,0.001,
PS114,042_01,-0.0184,79.6645,19,75,9.31,0,0.071,0,1,0,9.31,0,0.071,0,0.741,0,0.004,0,0.9429,0,0.699,0,0.004,0,0.068,0,0,0,1,0,0.068,0,0,0,4.31,0,0.014,0,1.0197,0,4.395,0,0.014,0,0.456,1,0.004,1,0.9575,1,0.437,1,0.004,
PS114,042_01,-0.0184,79.6645,18,100,11.06,0,0.028,0,1,0,11.06,0,0.028,0,0.81,0,0.004,0,0.9429,0,0.764,0,0.004,0,0.077,0,0,0,1,0,0.077,0,0,0,5.67,0,0,0,1.0197,0,5.782,0,0,0,0.072,1,0.005,1,0.9575,1,0.068,1,0.005,
PS114,042_01,-0.0184,79.6645,17,150,11.895,0,0.035,0,1,0,11.895,0,0.035,0,0.821,0,0.003,0,0.9429,0,0.774,0,0.003,0,0.019,0,0.001,0,1,0,0.019,0,0.001,0,4.845,0,0.007,0,1.0197,0,4.94,0,0.007,0,-0.042,1,0.004,1,0.9575,1,-0.042,1,0.004,
PS114,042_01,-0.0184,79.6645,16,200,11.93,0,0.042,0,1,0,11.93,0,0.042,0,0.83,0,0.003,0,0.9429,0,0.783,0,0.003,0,0,0,0,0,1,0,0,0,0,0,4.84,0,0.014,0,1.0197,0,4.935,0,0.014,0,-0.059,1,0.002,1,0.9575,1,-0.059,1,0.002,
PS114,042_01,-0.0184,79.6645,15,300,12.025,0,0.049,0,1,0,12.025,0,0.049,0,0.841,0,0.004,0,0.9429,0,0.792,0,0.003,0,0.001,0,0,0,1,0,0.001,0,0,0,5.065,0,0.021,0,1.0197,0,5.165,0,0.022,0,-0.063,1,0.001,1,0.9575,1,-0.063,1,0.001,
PS114,042_01,-0.0184,79.6645,14,325,11.995,0,0.035,0,1,0,11.995,0,0.035,0,0.839,0,0.001,0,0.9429,0,0.791,0,0.001,0,0.003,0,0.001,0,1,0,0.003,0,0.001,0,5.055,0,0.064,0,1.0197,0,5.154,0,0.065,0,-0.063,1,0.001,1,0.9575,1,-0.063,1,0.001,
PS114,042_01,-0.0184,79.6645,13,375,12.4,0,0.014,0,1,0,12.4,0,0.014,0,0.863,0,0.001,0,0.9429,0,0.814,0,0.001,0,0,0,0,0,1,0,0,0,0,0,5.515,0,0.021,0,1.0197,0,5.624,0,0.022,0,-0.07,1,0.006,1,0.9575,1,-0.07,1,0.006,
PS114,042_01,-0.0184,79.6645,12,400,12.545,0,0.007,0,1,0,12.545,0,0.007,0,0.875,0,0.001,0,0.9429,0,0.825,0,0.001,0,-0.003,0,0,0,1,0,-0.003,0,0,0,5.765,0,0.049,0,1.0197,0,5.878,0,0.05,0,-0.068,1,0.001,1,0.9575,1,-0.068,1,0.001,
PS114,042_01,-0.0184,79.6645,11,450,12.665,0,0.007,0,1,0,12.665,0,0.007,0,0.884,0,0,0,0.9429,0,0.833,0,0,0,-0.002,0,0,0,1,0,-0.002,0,0,0,5.885,0,0.007,0,1.0197,0,6.001,0,0.007,0,-0.069,1,0.004,1,0.9575,1,-0.069,1,0.004,
PS114,042_01,-0.0184,79.6645,10,525,12.775,0,0.007,0,1,0,12.775,0,0.007,0,0.901,0,0.001,0,0.9429,0,0.849,0,0.001,0,-0.003,0,0,0,1,0,-0.003,0,0,0,6.075,0,0.007,0,1.0197,0,6.195,0,0.007,0,-0.066,1,0.001,1,0.9575,1,-0.066,1,0.001,
PS114,042_01,-0.0184,79.6645,9,550,12.675,0,0.049,0,1,0,12.675,0,0.049,0,0.902,0,0.001,0,0.9429,0,0.85,0,0.001,0,-0.006,0,0.001,0,1,0,-0.006,0,0.001,0,6.11,0,0.014,0,1.0197,0,6.23,0,0.014,0,-0.067,1,0,1,0.9575,1,-0.067,1,0,
PS114,042_01,-0.0184,79.6645,8,600,12.72,0,0.014,0,1,0,12.72,0,0.014,0,0.908,0,0.002,0,0.9429,0,0.856,0,0.002,0,-0.006,0,0.001,0,1,0,-0.006,0,0.001,0,6.21,0,0.014,0,1.0197,0,6.332,0,0.014,0,-0.062,1,0.002,1,0.9575,1,-0.062,1,0.002,
PS114,042_01,-0.0184,79.6645,6,650,12.565,0,0.035,0,1,0,12.565,0,0.035,0,0.906,0,0.001,0,0.9429,0,0.854,0,0.001,0,-0.007,0,0.001,0,1,0,-0.007,0,0.001,0,6.34,0,0.014,0,1.0197,0,6.465,0,0.014,0,-0.073,1,0.001,1,0.9575,1,-0.073,1,0.001,
PS114,042_01,-0.0184,79.6645,4,700,12.745,0,0.035,0,1,0,12.745,0,0.035,0,0.921,0,0,0,0.9429,0,0.868,0,0,0,-0.004,0,0.001,0,1,0,-0.004,0,0.001,0,6.465,0,0.007,0,1.0197,0,6.592,0,0.007,0,-0.061,1,0.005,1,0.9575,1,-0.061,1,0.005,
PS114,042_01,-0.0184,79.6645,2,800,12.97,0,0.042,0,1,0,12.97,0,0.042,0,0.931,0,0.001,0,0.9429,0,0.878,0,0.001,0,-0.006,0,0.001,0,1,0,-0.006,0,0.001,0,6.805,0,0.021,0,1.0197,0,6.939,0,0.022,0,-0.056,1,0.002,1,0.9575,1,-0.056,1,0.002,
PS114,043_02,-2.7789,78.8198,24,250,11.52,0,0.042,0,1.0443,0,12.03,0,0.044,0,0.865,0,0.004,0,0.9299,0,0.804,0,0.003,0,0.008,0,0.005,0,0.856,0,0.006,0,0.004,0,5.405,0,0.007,0,1.0405,0,5.624,0,0.007,0,-0.083,1,0.001,1,0.9404,1,-0.083,1,0.001,
PS114,043_02,-2.7789,78.8198,20,500,12.19,0,0.014,0,1.0443,0,12.73,0,0.015,0,0.928,0,0.002,0,0.9299,0,0.862,0,0.002,0,-0.01,0,0.001,0,0.856,0,-0.01,0,0.001,0,6.5,0,0,0,1.0405,0,6.763,0,0,0,-0.083,1,0.001,1,0.9404,1,-0.083,1,0.001,
PS114,043_02,-2.7789,78.8198,17,700,12.025,0,0.007,0,1.0443,0,12.557,0,0.007,0,0.926,0,0.001,0,0.9299,0,0.861,0,0.001,0,-0.012,0,0,0,0.856,0,-0.012,0,0,0,6.415,0,0.007,0,1.0405,0,6.675,0,0.007,0,-0.092,1,0,1,0.9404,1,-0.092,1,0,
PS114,043_02,-2.7789,78.8198,12,1000,12.215,0,0.035,0,1.0443,0,12.756,0,0.037,0,0.945,0,0.001,0,0.9299,0,0.878,0,0.001,0,-0.011,0,0,0,0.856,0,-0.011,0,0,0,6.735,0,0.007,0,1.0405,0,7.008,0,0.007,0,-0.08,1,0.001,1,0.9404,1,-0.08,1,0.001,
PS114,043_02,-2.7789,78.8198,8,1200,12.735,0,0.035,0,1.0443,0,13.299,0,0.037,0,0.976,0,0.002,0,0.9299,0,0.907,0,0.002,0,-0.012,0,0,0,0.856,0,-0.012,0,0,0,7.55,0,0.014,0,1.0405,0,7.856,0,0.015,0,-0.094,1,0.001,1,0.9404,1,-0.094,1,0.001,
PS114,043_02,-2.7789,78.8198,4,2000,14.215,0,0.007,0,1.0443,0,14.844,0,0.007,0,1.07,0,0.002,0,0.9299,0,0.995,0,0.002,0,-0.014,0,0.001,0,0.856,0,-0.014,0,0.001,0,10.69,0,0,0,1.0405,0,11.123,0,0,0,-0.099,1,0.004,1,0.9404,1,-0.099,1,0.004,
PS114,043_02,-2.7789,78.8198,1,2531,11.56,0,0.014,0,1.0443,0,12.072,0,0.015,0,0.872,0,0.002,0,0.9299,0,0.81,0,0.002,0,0.001,0,0,0,0.856,0,0.001,0,0,0,5.385,0,0.007,0,1.0405,0,5.603,0,0.007,0,-0.086,1,0.011,1,0.9404,1,-0.086,1,0.011,
PS114,043_04,-2.7692,78.8176,22,5,-0.59,0,0,0,1.0443,0,-0.59,0,0,0,0.412,0,0.004,0,0.9299,0,0.383,0,0.003,0,0.005,0,0.001,0,0.856,0,0.004,0,0.001,0,1.295,0,0.007,0,1.0405,0,0.671,0,0.949,0,-0.091,1,0.006,1,0.9404,1,-0.091,1,0.006,
PS114,043_04,-2.7692,78.8176,18,15,2.785,0,0.007,0,1.0443,0,2.908,0,0.007,0,0.597,0,0,0,0.9299,0,0.555,0,0,0,0.04,0,0.001,0,0.856,0,0.034,0,0.001,0,5.7,0,0.014,0,1.0405,0,5.931,0,0.015,0,-0.016,1,0.001,1,0.9404,1,-0.016,1,0.001,
PS114,043_04,-2.7692,78.8176,11,40,6.91,0,0,0,1.0443,0,7.216,0,0,0,0.662,0,0.001,0,0.9299,0,0.615,0,0.001,0,0.058,0,0.002,0,0.856,0,0.049,0,0.002,0,4.3,0,0,0,1.0405,0,4.474,0,0,0,0.152,1,0.001,1,0.9404,1,0.142,1,0.001,
PS114,043_04,-2.7692,78.8176,8,75,9.575,0,0.007,0,1.0443,0,9.999,0,0.007,0,0.8,0,0.001,0,0.9299,0,0.743,0,0.001,0,0.036,0,0.003,0,0.856,0,0.031,0,0.002,0,5.83,0,0.028,0,1.0405,0,6.066,0,0.029,0,0.055,1,0,1,0.9404,1,0.052,1,0,
PS114,043_04,-2.7692,78.8176,5,100,5.815,0,0.021,0,1.0443,0,6.072,0,0.022,0,0.652,0,0.001,0,0.9299,0,0.606,0,0.001,0,0.051,0,0,0,0.856,0,0.044,0,0,0,5.15,0,0.014,0,1.0405,0,5.359,0,0.015,0,0.025,1,0,1,0.9404,1,0.024,1,0,
PS114,043_04,-2.7692,78.8176,3,250,11.59,0,0.014,0,1.0443,0,12.103,0,0.015,0,0.873,0,0,0,0.9299,0,0.812,0,0,0,-0.001,0,0.001,0,0.856,0,-0.001,0,0.001,0,5.425,0,0.007,0,1.0405,0,5.645,0,0.007,0,-0.088,1,0.003,1,0.9404,1,-0.088,1,0.003,
PS114,043_04,-2.7692,78.8176,2,500,12.195,0,0.007,0,1.0443,0,12.735,0,0.007,0,0.926,0,0.001,0,0.9299,0,0.861,0,0.001,0,-0.01,0,0.001,0,0.856,0,-0.01,0,0.001,0,6.44,0,0.028,0,1.0405,0,6.701,0,0.029,0,-0.088,1,0.006,1,0.9404,1,-0.088,1,0.006,
PS114,043_04,-2.7692,78.8176,1,700,12.14,0,0,0,1.0443,0,12.678,0,0,0,0.929,0,0,0,0.9299,0,0.864,0,0,0,-0.011,0,0.001,0,0.856,0,-0.011,0,0.001,0,6.475,0,0.007,0,1.0405,0,6.737,0,0.007,0,-0.085,1,0,1,0.9404,1,-0.085,1,0,
PS114,046_01,-5.436,78.9926,22,250,12.065,0,0.035,0,1.0391,0,12.537,0,0.037,0,0.89,0,0.004,0,0.9299,0,0.828,0,0.004,0,-0.003,0,0.001,0,1.0632,0,-0.003,0,0.001,0,6.365,0,0.007,0,1.0182,0,6.481,0,0.007,0,-0.07,1,0.003,1,1.1302,1,-0.07,1,0.003,
PS114,046_01,-5.436,78.9926,20,400,12.11,0,0.042,0,1.0391,0,12.584,0,0.044,0,0.909,0,0.001,0,0.9299,0,0.845,0,0.001,0,-0.011,0,0.001,0,1.0632,0,-0.011,0,0.001,0,6.725,0,0.007,0,1.0182,0,6.848,0,0.007,0,-0.084,1,0.001,1,1.1302,1,-0.084,1,0.001,
PS114,046_01,-5.436,78.9926,14,500,12.075,0,0.092,0,1.0391,0,12.548,0,0.096,0,0.911,0,0.001,0,0.9299,0,0.847,0,0.001,0,-0.013,0,0.001,0,1.0632,0,-0.013,0,0.001,0,6.6,0,0.014,0,1.0182,0,6.72,0,0.014,0,-0.095,1,0.001,1,1.1302,1,-0.095,1,0.001,
PS114,046_01,-5.436,78.9926,9,750,12.145,0,0.021,0,1.0391,0,12.62,0,0.022,0,0.924,0,0.001,0,0.9299,0,0.859,0,0.001,0,-0.012,0,0,0,1.0632,0,-0.012,0,0,0,7.11,0,0.071,0,1.0182,0,7.24,0,0.072,0,-0.09,1,0.001,1,1.1302,1,-0.09,1,0.001,
PS114,046_01,-5.436,78.9926,4,959,12.08,0,0.042,0,1.0391,0,12.553,0,0.044,0,0.934,0,0.001,0,0.9299,0,0.869,0,0.001,0,-0.013,0,0.001,0,1.0632,0,-0.013,0,0.001,0,7.13,0,0.014,0,1.0182,0,7.26,0,0.014,0,-0.114,1,0.007,1,1.1302,1,-0.114,1,0.007,
PS114,046_08,-5.2851,79.0124,21,5,-0.505,0,0.007,0,1.0391,0,-0.505,0,0.007,0,0.427,0,0.002,0,0.9299,0,0.397,0,0.002,0,0.008,0,0.002,0,1.0632,0,0.008,0,0.002,0,1.06,0,0,0,1.0182,0,1.079,0,0,0,-0.083,1,0.002,1,1.1302,1,-0.083,1,0.002,
PS114,046_08,-5.2851,79.0124,12,16,2.77,0,0.014,0,1.0391,0,2.878,0,0.015,0,0.674,0,0.002,0,0.9299,0,0.626,0,0.002,0,0.031,0,0,0,1.0632,0,0.033,0,0,0,7.02,0,0,0,1.0182,0,7.148,0,0,0,0,1,0.001,1,1.1302,1,0,1,0.002,
PS114,046_08,-5.2851,79.0124,5,75,6.74,0,0.014,0,1.0391,0,7.004,0,0.015,0,0.7,0,0.001,0,0.9299,0,0.65,0,0.001,0,0.016,0,0.001,0,1.0632,0,0.016,0,0.001,0,6.465,0,0.007,0,1.0182,0,6.583,0,0.007,0,-0.084,1,0.002,1,1.1302,1,-0.084,1,0.002,
PS114,046_08,-5.2851,79.0124,2,100,8.705,0,0.007,0,1.0391,0,9.046,0,0.007,0,0.771,0,0.001,0,0.9299,0,0.717,0,0.001,0,0,0,0,0,1.0632,0,0,0,0,0,6.32,0,0.028,0,1.0182,0,6.435,0,0.029,0,-0.08,1,0.001,1,1.1302,1,-0.08,1,0.001,
